drug	gene	action
patiromer		binder
mus musculus skin		
betaxolol	ADRB1	antagonist
anethole trithione		
human calcitonin	ACTN1	incorporation into and destabilization
desflurane	GABRA1	positive allosteric modulator
acetophenazine	DRD2	antagonist
metipranolol	ADRB2	antagonist
nitrazepam	GABRA1	potentiator
levoleucovorin		
trastuzumab	ERBB2	antibody
evolocumab		
olsalazine	TPMT	inhibitor
encainide	SCN5A	inhibitor
samarium (153sm) lexidronam		
ecabet	NOXO1	antagonist
procainamide		
levomefolic acid		
prussian blue		
acetyldigitoxin	ATP1A1	inhibitor
ivabradine		
idelalisib		inhibitor
acheta domesticus		
dalfampridine	KCNA1	antagonist
pantoprazole	ATP4A	inhibitor
etomidate	GABRA1	agonist
ertugliflozin		
pidolic acid		
uridine triacetate		
apremilast	PDE4D	antagonist
mackerel		
ketobemidone		
barley		
ichthammol		
pipotiazine	DRD2	antagonist
citalopram		
mipomersen		binder
methoxsalen		intercalation
glimepiride	KCNJ11	inhibitor
lincomycin		inhibitor
casuarina equisetifolia pollen		
neurospora crassa		
vilanterol		
antihemophilic factor, human recombinant	F10	activator
cloperastine		
cetrimonium		
phenoxyethanol		
pinus taeda pollen		
calcium gluconate		
nomegestrol acetate		
methylscopolamine bromide	CHRM1	antagonist
silver nitrate		
polyquaternium-10 (400 cps at 2%)		
procarbazine		cross-linking/alkylation
zea mays pollen		
cloxazolam		
streptococcus pneumoniae type 7f capsular polysaccharide diphtheria crm197 protein conjugate antigen		
lumacaftor		
fesoterodine	CHRM3	antagonist
pivmecillinam		inhibitor
protriptyline	SLC6A2	inhibitor
cholesterol		
galsulfase		
methylphenobarbital	GABRA1	potentiator
ledipasvir		inhibitor
zuclopenthixol	DRD1	antagonist
zinc		
pentobarbital	GABRA1	potentiator
rolitetracycline		inhibitor
acacia		
oprelvekin	IL11RA	agonist
ethopropazine	CHRM1	antagonist
dupilumab	IL4R	antagonist
bos taurus skin		
lomustine		cross-linking/alkylation
flurazepam	GABRA1	potentiator
lofexidine	ADRA2A	agonist
desloratadine	HRH1	antagonist
lucanthone	TOP2A	inhibitor
eculizumab	C5	antibody
betula papyrifera pollen		
human vaccinia virus immune globulin		
siltuximab	IL6	antagonist
palifermin	FGFR2	binder
pentoxyverine	SIGMAR1	agonist
darifenacin	CHRM3	antagonist
oxyphenonium	CHRM1	antagonist
cinacalcet	CASR	agonist
gefitinib	EGFR	antagonist
prezatide		
ethanol	GABRA1	agonist
boron		
secobarbital	GABRA1	potentiator
neisseria meningitidis group y capsular polysaccharide diphtheria toxoid conjugate antigen		
cefuroxime		inhibitor
populus deltoides subsp. monilifera pollen		
dihydroergotamine	HTR1D	agonist
influenza a virus a/brisbane/10/2010 (h1n1) antigen (mdck cell derived, propiolactone inactivated)		
amiloride	SCNN1A	inhibitor
phenelzine	MAOA	antagonist
xylometazoline	ADRA1A	agonist
terbinafine	SQLE	inhibitor
hepatitis a vaccine		
rose bengal		
phenacemide	SCN1A	inhibitor
clonidine	ADRA2A	agonist
ceftolozane		inhibitor
etidocaine		
obeticholic acid	NR1H4	agonist
quinidine	SCN5A	inhibitor
sulfinpyrazone	ABCC2	inhibitor
agalsidase beta		ligand
ascorbyl phosphate		
bosentan	EDNRA	antagonist
iva angustifolia pollen		
ombitasvir		inhibitor
technetium tc-99m nofetumomab merpentan	EPCAM	binder
netarsudil	ROCK1	inhibitor
cocaine	SLC6A3	inhibitor
fimasartan	AGTR1	antagonist
trazodone	HTR2A	antagonist
sermorelin	GHRHR	agonist
elosulfase alfa		
leucovorin		
flavin mononucleotide		
doxofylline	OPRM1	inhibitor
citrus sinensis pollen		
secnidazole		
fenoldopam	DRD5	agonist
arbekacin		inhibitor
dactylis glomerata pollen		
broussonetia papyrifera pollen		
streptococcus pneumoniae type 7f capsular polysaccharide antigen		
reserpine	SLC18A2	inhibitor
calcium carbonate		
etizolam	GABRA1	agonist
histrelin	GNRHR	agonist
chlorthalidone	SLC12A1	inhibitor
streptococcus pneumoniae type 17f capsular polysaccharide antigen		
blueberry		
dihydralazine		
antithymocyte immunoglobulin (rabbit)	MR1	antagonist
ciprofibrate		
sultamicillin		
prosopis juliflora pollen		
chlorpromazine	DRD2	antagonist
flax seed		
streptococcus pneumoniae type 19a capsular polysaccharide antigen		
coagulation factor x human		
artemisia absinthium pollen		
myrrh		
pecan		
penciclovir		inhibitor
propylene glycol		
strontium ranelate		
puccinia striiformis var. striiformis		
fibrinogen human		
rifampicin		inhibitor
lucinactant		
hydroxyprogesterone caproate		
pancrelipase amylase		cleavage
tegaserod	HTR4	antagonist
quercus virginiana pollen		
medrysone	NR3C1	agonist
quercus palustris pollen		
sucrose		
squash		
ticarcillin		inhibitor
chlorzoxazone	KCNMA1	
efmoroctocog alfa	VWF	binding
acetylcholine		
capsaicin		
juniperus ashei pollen		
daptomycin		incorporation into and destabilization
betula alleghaniensis pollen		
vinflunine		
ramucirumab	KDR	antagonist
thrombomodulin alfa	F2	inhibitor
felis catus skin		
dronabinol	CNR1	agonist
quetiapine	HTR2A	antagonist
hydrogenated soybean oil		
saxagliptin	DPP4	inhibitor
streptococcus pneumoniae type 10a capsular polysaccharide antigen		
streptococcus pneumoniae type 1 capsular polysaccharide diphtheria crm197 protein conjugate antigen		
fenofibric acid	PPARA	agonist
allantoin		
erythrityl tetranitrate	NPR1	agonist
juglans californica pollen		
captopril	ACE	inhibitor
candida albicans		
beta carotene		
propiomazine	HRH1	antagonist
secale cereale pollen		
choline		
rolapitant		antagonist
factor xiii (human)		
tasonermin	TNFRSF1A	agonist
nicoboxil		
mercaptopurine	HPRT1	inhibitor
technetium tc-99m arcitumomab		
griseofulvin		inhibitor
cefalotin		inhibitor
floctafenine		
erenumab		
gatifloxacin		inhibitor
ceiba pentandra fiber		
succinylcholine	CHRNA10	agonist
latanoprost	PTGFR	agonist
lycopene		
netilmicin		inhibitor
bromotheophylline		
calcitriol	VDR	antagonist
potassium alum		
amifampridine		
penicillium italicum		
sodium ferric gluconate complex	FTL	binding
xanthium strumarium var. canadense pollen		
passalora fulva		
vaborbactam		inhibitor
aureobasidium pullulans var. pullutans		
sulfacytine		inhibitor
copper gluconate		
rasburicase		metabolizer
chlorprothixene	DRD2	antagonist
susoctocog alfa	VWF	binding
anti-inhibitor coagulant complex	F10	agonist
remikiren	REN	inhibitor
letrozole	CYP19A1	antagonist
cyclomethicone 5		
lipegfilgrastim	CSF3R	agonist
alipogene tiparvovec		
tobacco leaf		
epinephrine	ADRA1A	agonist
isometheptene	ADRA1A	agonist
gamma hydroxybutyric acid		
cladosporium sphaerospermum		
pargyline	MAOB	inhibitor
ergocalciferol	VDR	agonist
noxytiolin		
dyclonine	SCN10A	inhibitor
bevantolol	ADRB1	antagonist
nebivolol	ADRB1	antagonist
udenafil	PDE5A	inhibitor
lima bean		
carbenicillin indanyl		inhibitor
human papillomavirus type 6 l1 capsid protein antigen		
n-acetyltyrosine		
fig		
cyclacillin		inhibitor
acipimox		
curvularia inaequalis		
mequinol		
cefoperazone		inhibitor
tenoxicam	PTGS2	inhibitor
desmopressin	AVPR2	agonist
demecarium	ACHE	inhibitor
celecoxib	PTGS2	inhibitor
gadobutrol		
equilin		
flurandrenolide	NR3C1	agonist
ofloxacin		inhibitor
acetic acid		
praziquantel		other/unknown
aflibercept	VEGFA	binder
oxygen		
n-alkyl ethylbenzyl dimethyl ammonium (c12-c14)		
gentamicin		adduct
losartan	AGTR1	antagonist
pipamperone		
flubendazole		
zinc gluconate		
l-cysteine		
dimenhydrinate	HRH1	antagonist
benzoin resin		
indium in-111 satumomab pendetide		other/unknown
cetirizine	HRH1	antagonist
allspice		
dolasetron	HTR3A	antagonist
vitamin d		
bortezomib		
dacarbazine		cross-linking/alkylation
golimumab	TNF	antibody
flucloxacillin		inhibitor
nitrite		
iotrolan		
turnip		
peginterferon beta-1a		
canakinumab	IL1B	binder
chondroitin sulfate		
aurothioglucose		
trifluoperazine	DRD2	antagonist
oxybuprocaine	SCN10A	inhibitor
capra hircus skin		
levocetirizine	HRH1	antagonist
sebelipase alfa		
pibrentasvir		inhibitor
trypan blue free acid		
thrombin		
human secretin	SCTR	ligand
fenethylline		
kiwi fruit		
seratrodast		
white fish		
cefradine		
hexaminolevulinate		
etozoline		
afamelanotide		
edoxudine		
azacitidine	DNMT1	inhibitor
midodrine	ADRA1A	agonist
esmolol	ADRB1	antagonist
metoclopramide	DRD2	antagonist
tyropanoic acid		
halothane	KCNK3	binder
efalizumab	ITGAL	antibody
sodium tetradecyl sulfate	PROC	inhibitor
belimumab	TNFSF13B	neutralizer
prucalopride	HTR4	agonist
ketazolam	TSPO	agonist
metyrosine	TH	binder
penbutolol	ADRB1	antagonist
chlorine		
necitumumab	EGFR	antagonist
amlexanox		
grazoprevir		
iophendylate		
butriptyline	SLC6A4	antagonist
egg yolk		
metaxalone		
citric acid		
silicon		
pentaerythritol tetranitrate	HBA1	agonist
calcium threonate		
peramivir		
carbimazole	TPO	inhibitor
isoetarine	ADRB1	agonist
dornase alfa		
sarracenia purpurea		
sulfaphenazole		
typha latifolia pollen		
primaquine		antagonist
succinic acid		
atractylodes japonica root oil		
ulmus crassifolia pollen		
human papillomavirus type 33 l1 capsid protein antigen		
eluxadoline	OPRM1	agonist
urea c-13		substrate
hexetidine		
fosphenytoin	SCN5A	inhibitor
clomipramine	SLC6A4	inhibitor
colistin		incorporation into and destabilization
spinach		
fluvoxamine	SLC6A4	inhibitor
licorice		
flutemetamol (18f)	APP	binder
vinorelbine	TUBB	antagonist
cefprozil		inhibitor
fenfluramine	SLC6A4	inhibitor
nalidixic acid		other
tigecycline		adduct
streptococcus pneumoniae type 6b capsular polysaccharide diphtheria crm197 protein conjugate antigen		
levonordefrin	ADRA2A	agonist
gemfibrozil	PPARA	agonist
glucose		
vildagliptin	DPP4	inhibitor
diacetyl benzoyl lathyrol		
cefpirome		
risperidone	HTR2A	antagonist
bromazepam	GABRA1	potentiator
sodium oxybate		
l-asparagine		
hazelnut		
medrogestone		
tea tree oil		
felypressin	AVPR1A	agonist
oxetacaine		
sodium tartrate		
red currant		
iotroxic acid		
neisseria meningitidis group w-135 capsular polysaccharide diphtheria toxoid conjugate antigen		
quercus kelloggii pollen		
methocarbamol		
tuberculin purified protein derivative	TLR2	ligand
phenmetrazine	SLC6A2	inhibitor
iron		
fluindione		
arsenic trioxide	IKBKB	inducer
vanillyl butyl ether		
solidago canadensis pollen		
bordetella pertussis fimbriae 2/3 antigen		
urofollitropin	FSHR	agonist
ginger		
ethylmorphine	OPRM1	agonist
chenopodium ambrosioides pollen		
polythiazide	SLC12A3	inhibitor
lettuce		
ademetionine		
zoledronic acid	FDPS	inhibitor
pergolide	DRD2	agonist
sulfisoxazole		inhibitor
estriol	ESR1	agonist
hexocyclium		
norgestimate	PGR	agonist
latamoxef		inhibitor
anileridine	OPRM1	agonist
streptococcus pneumoniae type 6b capsular polysaccharide antigen		
eteplirsen		binding
bumetanide	SLC12A1	inhibitor
tedizolid phosphate		
ambrosia deltoidea pollen		
pinus monticola pollen		
acacia baileyana pollen		
clonazepam	GABRA1	positive allosteric modulator
xylose		
methylphenidate	SLC6A3	inhibitor
sotalol	KCNH2	inhibitor
insulin detemir	INSR	agonist
norepinephrine	ADRA1A	agonist
linezolid		inhibitor
eucalyptus globulus pollen		
ambroxol		
watercress		
paspalum notatum pollen		
vorapaxar	F2R	antagonist
sodium lauryl sulfoacetate		
adenine		
platanus racemosa pollen		
vayarin		
amrubicin		
oxamniquine		other/unknown
bedaquiline		
tafluprost	PTGFR	agonist
plantago seed		
cilastatin	DPEP1	inhibitor
estradiol valerate	ESR1	agonist
triclocarban		antagonist
cinchocaine	SCN10A	inhibitor
mupirocin		inhibitor
porfimer sodium		
sage		
retapamulin		inhibitor
butamben	CACNG1	inhibitor
cinitapride	HTR1A	agonist
anisotropine methylbromide	CHRM1	antagonist
cochliobolus spicifer		
remoxipride	DRD2	antagonist
rilmenidine		
equus caballus hair		
antazoline	HRH1	antagonist
chenodeoxycholic acid		
beta vulgaris pollen		
trimethadione	CACNA1G	inhibitor
pinus rigida pollen		
vorinostat	HDAC1	inhibitor
oxytetracycline		inhibitor
rumex acetosella pollen		
elvitegravir		inhibitor
uracil mustard		
angiotensin ii	AGTR1	agonist
artemether		
rice		
rosuvastatin	HMGCR	inhibitor
picric acid		
polyethylene glycol 300		
primidone	GABRA1	potentiator
kidney bean		
magaldrate		
benazepril	ACE	inhibitor
sodium citrate		
norethisterone		
tipranavir		inhibitor
sodium stibogluconate	TOP1	inhibitor
human botulinum neurotoxin a/b immune globulin		
watermelon		
cod, unspecified		
stannous fluoride		
papaverine	PDE4B	inhibitor
famotidine	HRH2	antagonist
bordetella pertussis filamentous hemagglutinin antigen (formaldehyde inactivated)		
radium ra 223 dichloride		
pancuronium	CHRNA2	antagonist
silicon dioxide		
ecallantide	KLKB1	inhibitor
string bean		
enoxaparin	SERPINC1	potentiator
diethylstilbestrol	ESR1	agonist
myrothecium verrucaria		
bf-200 ala		
vincristine	TUBB	inhibitor
decamethonium	CHRNA2	partial agonist
polyestradiol phosphate	ESR1	agonist
duck		
resveratrol		
ximelagatran	F2	inhibitor
norelgestromin		
pegvaliase		
ceftobiprole		
tilactase		cleavage
probenecid	SLC22A6	inhibitor
dihydroergocristine	HTR1A	antagonist
valsartan	AGTR1	antagonist
sodium cellulose phosphate		binder
dexlansoprazole	ATP4A	inhibitor
diflunisal	PTGS2	inhibitor
aspergillus nidulans		
albutrepenonacog alfa	F10	activator
imipramine	SLC6A2	inhibitor
icodextrin		
dopexamine		
omeprazole	ATP4A	inhibitor
sutilain		
argatroban	F2	inhibitor
chlorphenamine	HRH1	antagonist
spinosad		
ancestim	KIT	agonist
artemisia annua pollen		
quazepam	GABRA1	potentiator
benzalkonium		
deflazacort		
selenium sulfide		
haemophilus influenzae type b capsular polysaccharide meningococcal outer membrane protein conjugate antigen		
pinus nigra pollen		
miconazole		
hyoscyamine	CHRM1	antagonist
chlorhexidine		incorporation into and destabilization
amoxicillin		inhibitor
c11-12 isoparaffin		
betula occidentalis pollen		
clidinium	CHRM1	antagonist
allopurinol	XDH	inhibitor
acetylsalicylic acid	PTGS1	inhibitor
acer saccharum pollen		
quaternium-24		
olive oil		
balsalazide	PPARG	agonist
chlorpropamide	ABCC8	inhibitor
pitavastatin		
iohexol		
fluorescein		
hordeum vulgare pollen		
eribulin		
n-acetylglucosamine		
camazepam		
phenylephrine	ADRA1A	
silanol		
guanethidine	SLC6A2	inducer
maraviroc	CCR5	antagonist
lomefloxacin		inhibitor
tetracaine	RYR1	modulator
isosulfan blue		
busulfan		cross-linking/alkylation
triptorelin	GNRHR	agonist
seractide acetate	MC2R	agonist
dexrazoxane	TOP2A	inhibitor
palonosetron	HTR3A	antagonist
caraway seed		
lorcaserin		
equine botulinum neurotoxin e immune fab2		antibody
sulfur hexafluoride		
mephenesin		
parsley		
bictegravir		antagonist
grapefruit		
beet		
econazole		
basil		
copanlisib	PIK3CA	inhibitor
tritoqualine		
naloxegol	OPRM1	antagonist
phenytoin	SCN5A	inhibitor
pimozide	DRD2	antagonist
polaprezinc		
carbamazepine	SCN5A	inhibitor
pinus palustris pollen		
doxacurium chloride	CHRNA2	antagonist
polistes metricus venom protein		
methoxamine	ADRA1A	agonist
trioxsalen		cross-linking/alkylation
blonanserin		
methazolamide	CA1	inhibitor
buprenorphine	OPRM1	partial agonist
ursodeoxycholic acid	AKR1C2	inducer
benzyl alcohol		
colistimethate		incorporation into and destabilization
tropisetron	HTR3A	antagonist
amitriptylinoxide		
piretanide		
aluminum chlorohydrate		
fosaprepitant		
ponatinib	ABL1	inhibitor
calcium	CACNA1C	ligand
irinotecan	TOP1	inhibitor
bassia scoparia pollen		
cupric oxide		
amisulpride	DRD2	antagonist
vemurafenib		
azathioprine		
trabectedin		binder
pinaverium	CACNA1S	antagonist
concord grape		
blatella germanica		
carfilzomib	PSMB5	inhibitor
demegestone	PGR	agonist
rufinamide		
pentamidine		
drostanolone	AR	agonist
ioxitalamic acid		
ustilago nuda hordei		
daclatasvir		
domperidone	DRD2	antagonist
menotropins	FSHR	binder
sulfathiazole		inhibitor
l-citrulline		
flupirtine		
l-proline		
lithium		
mezlocillin		inhibitor
carbocisteine		
levomethadyl acetate	OPRM1	agonist
capreomycin		inhibitor
hydroxyethyl ethylcellulose		
tazarotene	RARA	agonist
papaya		
palbociclib	CDK4	inhibitor
rumex acetosella whole		
verapamil	CACNA1C	inhibitor
pizotifen		
sumatriptan	HTR1D	agonist
garlic		
zaleplon	GABRA1	potentiator
netupitant	TACR1	antagonist
doconexent	PPARA	ligand
tuna		
oxymetholone	AR	agonist
cefapirin		inhibitor
chlorcyclizine	HRH1	antagonist
isoconazole		
betahistine	HRH1	agonist
barley malt		
cow milk		
carpinus caroliniana pollen		
cladosporium herbarum		
glycol salicylate	PTGS1	antagonist
measles virus strain enders' attenuated edmonston live antigen		
nadroparin	SERPINC1	potentiator
denileukin diftitox	IL2RA	binder
european pilchard		
benralizumab	IL5RA	antibody
mineral oil		
isradipine	CACNA1C	inhibitor
cisplatin		cross-linking/alkylation
clonixin		
thiopental	GABRA1	potentiator
naftifine	SQLE	inhibitor
bethanidine	ADRA2A	agonist
rimexolone	NR3C1	agonist
doxylamine	HRH1	antagonist
metrizamide		
dopamine	DRD2	agonist
quercus gambelii pollen		
l-alanine		
suvorexant	HCRTR1	antagonist
etelcalcetide	CASR	agonist
phenoxybenzamine	ADRA1A	antagonist
microsporum audouinii		
cherry		
dinoprost tromethamine	PTGFR	agonist
mustard seed		
azelastine	HRH1	antagonist
dicoumarol	VKORC1	inhibitor
thallous chloride		
gamma-aminobutyric acid		
guaifenesin		
felodipine	CACNA1C	inhibitor
floxuridine	TYMS	
coagulation factor xiii a-subunit (recombinant)	F13B	
propacetamol		
panitumumab	EGFR	suppressor
alteplase	PLG	activator
perflubutane		
clindamycin		inhibitor
procaine	SCN10A	inhibitor
xanthium strumarium pollen		
apixaban	F10	inhibitor
dapiprazole	ADRA1A	antagonist
koeleria macrantha pollen		
isothipendyl	HRH1	antagonist
human varicella-zoster immune globulin		
turpentine		
zinc citrate		
tasimelteon	MTNR1A	agonist
butorphanol	OPRK1	agonist
levallorphan	OPRM1	partial agonist
icotinib		
abarelix	GNRHR	antagonist
dihomo-gamma-linolenic acid	PTGS1	inhibitor
potassium bicarbonate		inhibitor
bretylium	ATP1A1	inhibitor
etravirine		
luliconazole		inhibitor
immune globulin human	FCGR1A	antagonist
glucosamine	MMP9	antagonist
secretin	SCTR	agonist
ecamsule		
risedronate	FDPS	inhibitor
metamizole		
isopropyl myristate		
rubidium		
soybean		
diatrizoate		
bovine type i collagen		
mafenide		
medroxyprogesterone acetate	PGR	agonist
pegloticase		metabolizer
lumefantrine		
viloxazine	SLC6A2	inhibitor
corylus americana pollen		
neomycin		inhibitor
pramocaine		antagonist
mesocricetus auratus skin		
okra		
amcinonide	NR3C1	agonist
carglumic acid	CPS1	allosteric modulator
turoctocog alfa	F9	activator
flounder		
atenolol	ADRB1	antagonist
hydroxyurea	RRM1	inhibitor
pseudotsuga menziesii pollen		
stannous chloride		
bismuth subnitrate		
taraxacum officinale pollen		
magnesium hydroxide		
diltiazem	CACNG1	inhibitor
fominoben		
streptococcus pneumoniae type 3 capsular polysaccharide antigen		
orphenadrine	GRIN2D	antagonist
entecavir		other
solenopsis richteri		
gamolenic acid		
tazobactam		inhibitor
carya glabra pollen		
tioconazole		antagonist
mefloquine		antagonist
copper cu-64		
aluminum oxide		
heparin	SERPINC1	potentiator
enviomycin		
rumex salicifolius var. mexicanus pollen		
karaya gum		
pralidoxime	ACHE	activator
streptococcus pneumoniae type 5 capsular polysaccharide antigen		
fenofibrate	PPARA	agonist
reviparin		
cholecystokinin		
bufexamac	PTGS1	inhibitor
triethylenetetramine		
apomorphine	DRD3	agonist
talbutal	GABRA1	potentiator
dronedarone		
phenobarbital	GABRA1	potentiator
hyaluronidase		other
cobamamide		
lactulose		other
montelukast	CYSLTR1	antagonist
borage oil		
adapalene	RARG	agonist
carbachol	CHRM1	agonist
l-isoleucine		
phalaris arundinacea pollen		
cotton seed		
estramustine	MAP2	antagonist
artemisia douglasiana pollen		
ulmus americana pollen		
colchicine	TUBB1	inhibitor
bemotrizinol		
allylestrenol		
sulfadimethoxine		
green olive		
alosetron	HTR3A	antagonist
levobetaxolol	ADRB1	antagonist
meloxicam	PTGS2	inhibitor
oxprenolol	ADRB1	antagonist
soy isoflavones		
vortioxetine	SLC6A4	inhibitor
ferrous sulfate		
cyclothiazide	FXYD2	inhibitor
platanus occidentalis pollen		
difluocortolone	ANXA3	inducer
lorazepam	GABRA1	positive allosteric modulator
biperiden	CHRNA2	antagonist
ibalizumab		
peginesatide	EPOR	stimulator
ioxilan		
desipramine	SLC6A2	inhibitor
hexafluronium	BCHE	inhibitor
ephedrine		
rituximab	MS4A1	antibody
docetaxel	TUBB1	
beeswax		
pinus elliottii pollen		
semaglutide		
acremonium strictum		
urea		
anthralin	KRT2	antagonist
pentetic acid		chelator
enalapril	ACE	inhibitor
zinc oxide		
encorafenib		
paprika		
methyl aminolevulinate		
meprednisone		
l-phenylalanine		
ethiodized oil		
diaminohydroxypropanetetraacetic acid		
ambrosia confertiflora pollen		
elbasvir		inhibitor
mometasone	NR3C1	agonist
fraxinus americana pollen		
baricitinib		
technetium tc-99m red blood cells		
linseed oil		
deferiprone		
gallium citrate ga 67		
isoxsuprine		
nefopam		
pancrelipase protease		cleavage
bambuterol	ADRB2	agonist
methsuximide	CACNA1G	inhibitor
suprofen	PTGS1	inhibitor
triamcinolone	NR3C1	agonist
carisoprodol		
smelt		
etofenamate		
sorghum halepense pollen		
stem bromelain		
protein s human	F5	antagonist
venison		
albiglutide	GLP1R	agonist
acetaminophen		
clemastine	HRH1	antagonist
azilsartan medoxomil	AGTR1	antagonist
mechlorethamine		intercalation
cannabidiol		
dipivefrin	ADRA1A	agonist
lodoxamide		
oxyphenbutazone		
nonoxynol-9		
dolichovespula maculata venom protein		
cephaloglycin		
epicriptine	DRD1	agonist
clenbuterol	ADRB2	agonist
disulfiram	ALDH2	inhibitor
belatacept		
bacampicillin		inhibitor
bluefish		
phenolphthalein		
ibudilast	PDE4A	inhibitor
potato		
darunavir		inhibitor
mitoxantrone		intercalation
stanozolol		
nitrendipine	CACNA1C	inhibitor
clotiazepam	GABRA1	potentiator
clofibrate	PPARA	agonist
von willebrand factor human	F8	stabilization
hydroxystilbamidine isethionate		other/unknown
remestemcel-l		
mesoridazine	HTR2A	antagonist
liothyronine	THRA	agonist
biotin		
cilazapril	ACE	inhibitor
pentostatin	ADA	inhibitor
sus scrofa skin		
didanosine		inhibitor
rattus norvegicus skin		
tamoxifen	ESR1	antagonist
halcinonide		
sodium lauryl sulfate		
tartaric acid		
lubiprostone	CLCN2	inducer
diflorasone	NR3C1	agonist
dl-methylephedrine	ADRB1	agonist
modafinil	SLC6A3	inhibitor
edrophonium	ACHE	inhibitor
azidocillin		inhibitor
pancrelipase		cleavage
pegvisomant	GHR	antagonist
varenicline	CHRNA4	partial agonist
grape		
tranylcypromine	MAOA	inhibitor
indecainide	SCN5A	inhibitor
octisalate		
bronopol		oxidizer
insulin glargine	INSR	agonist
trifluridine	TYMS	inhibitor
aspergillus repens		
natural alpha interferon		
denosumab	TNFSF11	antibody
hydrogen fluoride		
obiltoxaximab		
bisacodyl		
tenofovir alafenamide		inhibitor
racemethionine		
trichoderma harzianum		
human papillomavirus type 52 l1 capsid protein antigen		
suaeda moquinii pollen		
ifosfamide		other/unknown
alpha-phosphoribosylpyrophosphoric acid		
nalbuphine	OPRK1	agonist
fraxinus latifolia pollen		
salmonella typhi ty2 vi polysaccharide antigen		
cholecalciferol	VDR	agonist
potassium perchlorate	SLC5A5	inhibitor
buserelin	LHCGR	
riluzole	SCN5A	inhibitor
acetohexamide	KCNJ1	inhibitor
icosapent ethyl		
celtis occidentalis pollen		
flavoxate	CHRM2	antagonist
dextropropoxyphene	OPRM1	agonist
nalmefene	OPRM1	antagonist
gadoversetamide		
dalbavancin		
tofisopam		
valbenazine	AR	antagonist
pea		
morella cerifera pollen		
lutetium lu 177 dotatate	SSTR2	agonist
benzoctamine		
filgrastim	CSF3R	stimulator
moclobemide	MAOA	antagonist
alnus rubra pollen		
pegaspargase		other/unknown
pork		
fluoxymesterone	AR	agonist
brigatinib	ALK	inhibitor
methyprylon	GABRA1	agonist
aluminum sesquichlorohydrate		
diphenidol	CHRM1	antagonist
finafloxacin		inhibitor
peginterferon alfa-2a	IFNAR2	agonist
peginterferon alfa-2b	IFNAR1	agonist
carboprost tromethamine	PTGER1	agonist
indocyanine green acid form		
capmatinib		
acemetacin	PTGS1	antagonist
stearic acid		
hetacillin		inhibitor
metocurine iodide	CHRNA2	antagonist
ceritinib	ALK	antagonist
diclofenamide	CA1	inhibitor
amaranthus spinosus pollen		
menthol	TRPM8	inducer
metocurine	CHRNA2	antagonist
anidulafungin		inhibitor
ancrod		
colloidal oatmeal		
evernia prunastri		
polistes exclamans venom protein		
haemophilus influenzae type b strain 20752 capsular polysaccharide tetanus toxoid conjugate antigen		
iothalamic acid		
corn		
anas platyrhynchos feather		
fenbufen		
streptococcus pneumoniae type 12f capsular polysaccharide antigen		
resorcinol		
ethinamate	CA1	inhibitor
leflunomide	DHODH	inhibitor
invert sugar		
nitroprusside	NPR1	agonist
streptococcus pneumoniae type 18c capsular polysaccharide diphtheria crm197 protein conjugate antigen		
water		
methacholine	CHRM3	agonist
topiramate	GABRA1	agonist
peanut oil		
attapulgite		
pyrethrum extract		
methoxyflurane	GABRA1	agonist
triclosan		
juniperus californica pollen		
salix lasiolepis pollen		
drotaverine	PDE4A	inhibitor
sinecatechins		
avibactam		
levomilnacipran		
ethionamide		adduct
cinnamon		
tranexamic acid	PLG	inhibitor
salmeterol	ADRB2	agonist
loteprednol	NR3C1	agonist
sea salt		
ivermectin	GLRA3	agonist
d-serine		
streptomyces griseus		
brodalumab		
radish		
alglucerase		other/unknown
tibolone	ESR1	antagonist
dichloralphenazone		
hexylresorcinol		
gadoteric acid		
nilvadipine		
vigabatrin	GABBR1	agonist
lercanidipine	CACNG1	inhibitor
ipecac		
thymalfasin		
padimate o		
tenecteplase	PLG	activator
terizidone		
iloprost	PTGIR	agonist
calcium carbimide	ALDH3B2	antagonist
glycerol phenylbutyrate		
cavia porcellus hair		
methacycline		inhibitor
elymus repens pollen		
pregabalin	CACNA1A	inhibitor
metixene	CHRM1	antagonist
carbenicillin		
anastrozole	CYP19A1	inhibitor
amaranthus palmeri pollen		
choriogonadotropin alfa	LHCGR	
parecoxib	PTGS2	inhibitor
acer rubrum pollen		
omega-3-carboxylic acids		
xanthinol		
tea leaf		
aprobarbital	GABRA1	potentiator
sulfur		
pegfilgrastim	CSF3R	agonist
poractant alfa		
esketamine		
spearmint		
pyruvic acid		
estrone sulfate	ESR1	agonist
bendamustine		
cefazolin		inhibitor
oftasceine		
pitolisant	HRH3	antagonist
pheneticillin		
fludarabine	RRM1	inhibitor
gaxilose		
avelumab	CD274	antagonist
arzoxifene		
silver sulfadiazine		binder
aripiprazole	HTR2A	antagonist
gadobenic acid		
pinacidil		
metoprolol	ADRB1	antagonist
plum		
potassium carbonate		
lormetazepam	GABRA2	positive allosteric modulator
iodine		
eucalyptus oil		
alirocumab	PCSK9	inhibitor
manganese gluconate		
protionamide		
procaine benzylpenicillin		
binimetinib		
atorvastatin	HMGCR	inhibitor
ardeparin	SERPINC1	potentiator
cyclachaena xanthifolia pollen		
fulvestrant	ESR1	antagonist
dantrolene	RYR1	antagonist
crofelemer	CFTR	antagonist
fluticasone		
warfarin	VKORC1	inhibitor
sodium chloride		
norflurane		
streptococcus pneumoniae type 4 capsular polysaccharide diphtheria crm197 protein conjugate antigen		
labetalol	ADRB1	antagonist
rotigotine	DRD3	agonist
papain		
oxaliplatin		cross-linking/alkylation
thiabendazole		inhibitor
spiramycin		antagonist
amylmetacresol		
emtricitabine		inhibitor
ctenocephalides canis		
gelatin		
monopotassium phosphate		
english sole		
toremifene	ESR1	modulator
date		
iodixanol		
rasagiline	MAOB	inhibitor
technetium tc-99m pyrophosphate		
neisseria meningitidis group c capsular polysaccharide antigen		
topiroxostat		
technetium tc-99m sulfur colloid		
ceftaroline fosamil		
vanadium		
isavuconazole		
pyrophosphoric acid		
minaprine	MAOA	inhibitor
mango		
eslicarbazepine acetate		
talc		
perphenazine	DRD2	antagonist
technetium tc-99m mebrofenin		
halazepam	GABRA1	potentiator
estradiol benzoate	ESR1	agonist
d-methionine		
terlipressin	AVPR2	agonist
vancomycin		ligand
aluminum hydroxide		
mianserin		
testosterone propionate	AR	agonist
taxodium distichum pollen		
troleandomycin		inhibitor
nandrolone decanoate	AR	agonist
chickpea		
mesalazine	PTGS2	inhibitor
diosmin		
dipyridamole	PDE10A	inhibitor
salmonella typhi ty21a live antigen		
poa annua pollen		
ephedra	SLC6A3	negative modulator
simoctocog alfa	VWF	binding
dicoria canescens pollen		
sonidegib		
lanthanum carbonate		binder
midazolam	GABRA1	potentiator
iodide i-123		
oxaprozin	PTGS1	inhibitor
pindolol	ADRB1	partial agonist
pyridoxine	PDXK	ligand
fostamatinib	SYK	inhibitor
bezafibrate	PPARA	agonist
magnesium glycinate		
artemisia ludoviciana pollen		
basiliximab	IL2RA	antibody
avocado		
artemisia dracunculus pollen		
polyethylene glycol 400		
quinupristin		inhibitor
sargramostim	CSF2RA	agonist
fluciclovine (18f)	SLC1A5	binder
metrizoic acid		
teniposide	TOP2A	inhibitor
polistes fuscatus venom protein		
antithrombin alfa	F2	inhibitor
ezetimibe	SOAT1	inhibitor
epoprostenol	P2RY12	agonist
edetic acid		chelator
carbon monoxide	MB	deoxidizer
chromium picolinate		
butabarbital	GABRA1	positive allosteric modulator
nitisinone	HPD	inhibitor
raltitrexed	TYMS	inhibitor
betrixaban		
abatacept	CD80	antagonist
ranitidine	HRH2	antagonist
norfloxacin		inhibitor
granisetron	HTR3A	antagonist
ceftizoxime		inhibitor
hydroxyethyl starch		
pyridoxal	PDXK	
butoconazole		other
anakinra	IL1R1	antagonist
ethylhexyl methoxycrylene		
isoaminile		
baclofen	GABBR1	agonist
prasugrel	P2RY12	antagonist
dotatate gallium ga-68	SSTR2	binder
talniflumate		
furosemide	SLC12A1	inhibitor
ruxolitinib	JAK1	inhibitor
populus deltoides pollen		
acitretin	RXRA	agonist
ustilago cynodontis		
phentermine	SLC6A2	inhibitor
methotrexate	DHFR	inhibitor
tositumomab	MS4A1	antibody
doxazosin	ADRA1A	antagonist
ribavirin	IMPDH1	inhibitor
phenprocoumon	VKORC1	inhibitor
omega-3 fatty acids	PPARG	ligand
melperone	DRD2	antagonist
teriparatide		
sitagliptin	DPP4	inhibitor
pravastatin	HMGCR	inhibitor
olodaterol	ADRB2	agonist
selenomethionine		
asenapine		
salicylamide		
juniperus scopulorum pollen		
nutmeg		
pantothenic acid		
benidipine	CACNA1C	antagonist
cyclandelate		
phoma destructiva		
remifentanil	OPRM1	agonist
indacaterol	ADRB2	agonist
methyldopa	ADRA2A	
botrytis cinerea		
meradimate		
human papillomavirus type 16 l1 capsid protein antigen		
rifapentine		inhibitor
proflavine		intercalation
adalimumab	TNF	antibody
tirofiban	ITGA2B	antagonist
rhizopus arrhizus var. arrhizus		
nafarelin	GNRHR	agonist
loratadine	HRH1	antagonist
methyl salicylate		
l-lysine		
metolazone	SLC12A3	inhibitor
carbazochrome		
pentosan polysulfate	FGF2	antagonist
sofosbuvir		
wheat bran		
cranberry		
valproic acid		
cetrorelix	GNRHR	antagonist
oxandrolone	AR	agonist
almasilate		
difenoxin		
desoxycorticosterone acetate		
dipyrithione		
alnus incana subsp. rugosa pollen		
sulfamerazine		inhibitor
quinidine barbiturate	GABRA1	potentiator
sulfameter		inhibitor
pancrelipase lipase		cleavage
lime (citrus)		
besifloxacin		antagonist
gadodiamide		
sodium sulfide		
eliglustat	UGCG	antagonist
rspsma vaccine		
sesame seed		
l-carnitine		
oryctolagus cuniculus skin		
dasabuvir		inhibitor
piperonyl butoxide		
atriplex polycarpa pollen		
bromfenac	PTGS2	inhibitor
meprobamate	GABRA1	agonist
gestrinone		
avatrombopag		
esomeprazole	ATP4A	inhibitor
pentastarch		
oxybenzone		
magnesium silicate		
ceramide 3		
etafedrine	ADRB2	agonist
calcidiol	VDR	agonist
fexofenadine	HRH1	antagonist
benfotiamine		
bismuth subsalicylate		
oxiconazole		inhibitor
ritonavir		inhibitor
axitinib	FLT1	inhibitor
tolevamer		binder
paramethasone	NR3C1	agonist
formaldehyde		
propericiazine	DRD1	antagonist
sinapultide		agonist
fusafungine		
mucor racemosus		
cynodon dactylon pollen		
rosin		
gadoxetic acid		
silodosin	ADRA1A	antagonist
domiphen		
laurus nobilis		
dibotermin alfa	BMPR2	ligand
betiatide		
ambrisentan	EDNRA	antagonist
nitazoxanide		antagonist
mecamylamine	CHRNA2	antagonist
magnesium		
rivaroxaban	F10	antagonist
bioallethrin		
daratumumab		
streptococcus pneumoniae type 4 capsular polysaccharide antigen		
cortisone acetate	NR3C1	agonist
nifedipine	CACNA1C	inhibitor
coconut		
alpha-tocopherol succinate		
acer saccharinum pollen		
iva axillaris pollen		
flumazenil	GABRA1	antagonist
ferric pyrophosphate citrate	FTL	binder
microsporum canis		
megestrol acetate	PGR	agonist
sorghum bicolor subsp. bicolor pollen		
terbutaline	ADRB2	agonist
clocortolone	NR3C1	agonist
pregnenolone		
irbesartan	AGTR1	antagonist
sulfadoxine		
ustekinumab	IL12B	antibody
vedolizumab	ITGA4	antibody
ammonium molybdate		
isoniazid		adduct
ammonium chloride		
inositol nicotinate		
sodium sulfate	CA2	inhibitor
levofloxacin	TOP2A	inhibitor
dichlorobenzene		
ethambutol		inhibitor
ctenocephalides felis		
incadronic acid		
butalbital	GABRA1	potentiator
amantadine		inhibitor
fusarium compactum		
undecylenate		
dicloxacillin		
brassica rapa pollen		
stavudine		
glycopyrronium	CHRM1	antagonist
hydroxyproline		
moricizine	SCN5A	inhibitor
iopanoic acid		
povidone		
polyethylene glycol		
lesinurad	SLC22A12	inhibitor
ferric carboxymaltose		
odocoileus virginianus hair		
trastuzumab emtansine	ERBB2	antibody
ozenoxacin		inhibitor
pascopyrum smithii pollen		
thalidomide	CRBN	inhibitor
lacosamide		
dolichovespula arenaria venom protein		
phycomyces blakesleeanus		
serinus canaria feather		
human serum albumin		
poliglusam		
perch		
diethyltoluamide		
phenformin	PRKAA1	activator
pipazethate		
ginseng		
stemphylium solani		
technetium tc-99m exametazime		
tizanidine	ADRA2B	agonist
sesame oil		
albendazole		
anser anser feather		
bezlotoxumab		antibody
migalastat		
wine grape		
pentazocine	OPRM1	antagonist
meningococcal group a polysaccharide		
polysilicone-15		
miglustat	UGCG	inhibitor
vespula squamosa venom protein		
nectarine		
trimethoprim	TYMS	inhibitor
cumin		
riociguat		
neisseria meningitidis group c capsular polysaccharide diphtheria toxoid conjugate antigen		
bromperidol		
phenyl salicylate		
isopropamide	CHRM3	antagonist
crotalus adamanteus antivenin		
methionine		
delavirdine		
nylidrin		
flavin adenine dinucleotide		
pumpkin		
telbivudine		
carboxymethylcellulose		
levmetamfetamine		
sevelamer		binder
nepafenac		
petrolatum		
coal tar		
clavulanate		inhibitor
patent blue	ALB	binder
bromocriptine	DRD2	agonist
sitaxentan	EDNRA	antagonist
pivampicillin		inhibitor
sporotrichum pruinosum		
corticotropin	MC2R	agonist
glutathione		
clotrimazole		antagonist
suramin	P2RY2	antagonist
rilonacept		
atomoxetine	SLC6A2	
cinoxacin		inhibitor
nateglinide	ABCC8	inhibitor
rhizopus stolonifer		
erythromycin		inhibitor
magnesium aluminum silicate		
lopinavir		inhibitor
pasireotide		
isavuconazonium		
salix nigra pollen		
sodium glycerophosphate		
idebenone		
trapidil		
blue crab		
maclura pomifera pollen		
voxilaprevir		
fluocortolone		
isosorbide		
bisoxatin		
naphazoline	ADRA1A	agonist
chloropyramine	HRH1	antagonist
thonzylamine	HRH1	antagonist
pralatrexate		
bacillus calmette-guerin substrain connaught live antigen		
sour cherry		
glipizide	ABCC8	inhibitor
afatinib	EGFR	inhibitor
practolol	ADRB1	antagonist
acrothecium robustum		
ulobetasol	NR3C1	agonist
cantharidin		
lutetium lu-177		
streptococcus pneumoniae type 14 capsular polysaccharide antigen		
dalfopristin		inhibitor
alectinib	ALK	inhibitor
poliovirus type 3 antigen (formaldehyde inactivated)		
sibutramine	SLC6A2	inhibitor
cantaloupe		
dextran		
l-aspartic acid		
periplaneta americana		
cephalexin		inhibitor
ragweed pollen extract		
leuprolide	GNRHR	agonist
carboplatin		cross-linking/alkylation
iodipamide		
difluprednate	NR3C1	agonist
sweet cherry		
venlafaxine	SLC6A4	inhibitor
pemetrexed	TYMS	inhibitor
tolfenamic acid	PTGS1	antagonist
mepolizumab	IL5	antagonist
cryptenamine	CHRM2	antagonist
acetohydroxamic acid		inhibitor
dermatophagoides pteronyssinus		
levorphanol	OPRM1	agonist
magnesium gluconate		
biguanide		
dofetilide	KCNH2	inhibitor
vilazodone		
misoprostol	PTGER3	agonist
reboxetine	SLC6A2	inhibitor
acacia longifolia pollen		
dapsone		inhibitor
quercus alba pollen		
glycine betaine		
alclofenac	PTGS2	antagonist
masoprocol	ALOX5	inhibitor
alfuzosin	ADRA1A	antagonist
mepenzolate	CHRM1	antagonist
aminolevulinic acid	ALAD	inducer
sarcobatus vermiculatus pollen		
ioxaglic acid		
propanoic acid		
desogestrel	PGR	agonist
muromonab	CD3D	
cinolazepam	GABRA1	potentiator
brussels sprout		
benzocaine	SCN10A	inhibitor
iodide i-131		
amaranthus retroflexus pollen		
turkey		
epoetin delta		
frovatriptan	HTR1D	agonist
antithrombin iii human		
haloprogin		
bevacizumab	VEGFA	
paritaprevir		inhibitor
flecainide	SCN5A	inhibitor
estrogens, esterified		
sodium monofluorophosphate		
aminoglutethimide	CYP19A1	inhibitor
vecuronium		
desoximetasone	NR3C1	agonist
sulfabenzamide		
rotavirus vaccine		
pioglitazone	PPARG	agonist
methylnaltrexone	OPRM1	antagonist
perindopril	ACE	inhibitor
ambenonium	ACHE	inhibitor
caspofungin		
iron protein succinylate		
sertaconazole		inhibitor
acyclovir		inhibitor
cerulenin		inhibitor
testolactone	CYP19A1	inhibitor
guanadrel	SLC6A2	partial agonist
velaglucerase alfa		
alfentanil	OPRM1	agonist
juniperus occidentalis pollen		
pixantrone		
medium-chain triglycerides		
vernakalant		
colfosceril palmitate		
sildenafil	PDE5A	inhibitor
spironolactone	NR3C2	antagonist
blinatumomab	CD19	activator
micafungin		inhibitor
cultivated mushroom		
sodium fluoride		
steviolbioside		
belinostat		
capromab pendetide	FOLH1	other/unknown
equine botulinum neurotoxin d immune fab2		antibody
gastric intrinsic factor		
aluminium		
corcorus capsularis fiber		
dexchlorpheniramine maleate		
asparaginase erwinia chrysanthemi		
bacitracin		antagonist
cytisus scoparius flowering top		
lasofoxifene	ESR1	antagonist
cefmetazole		inhibitor
bombyx mori fiber		
midecamycin		
helium		
miltefosine		
erlotinib	EGFR	antagonist
iodine povacrylex		
icosapent	PTGS2	inhibitor
quinethazone	CA1	inhibitor
lonoctocog alfa	F10	activator
niflumic acid	PLA2G1B	inhibitor
tolazamide	ABCC8	blocker
fludeoxyglucose f-18		
coenzyme m		
amyl nitrite	NPR1	agonist
dimazole		
melaleuca quinquenervia pollen		
infliximab	TNF	inhibitor
neratinib		
desonide	NR3C1	agonist
etofibrate		
linoleic acid		
bifonazole		inhibitor
isoprenaline	ADRB1	agonist
tasosartan	AGTR1	antagonist
ropivacaine	SCN10A	inhibitor
chlorothiazide	SLC12A3	inhibitor
allenrolfea occidentalis pollen		
glycodiazine	KCNJ1	other/unknown
succimer		chelator
hydroxychloroquine	TLR7	antagonist
eflornithine	ODC1	antagonist
iloperidone	HTR2A	antagonist
didecyldimethylammonium		
calcium glubionate		
peach		
propoxycaine		
tymazoline		
povidone-iodine		
cefacetrile		inhibitor
veal		
asunaprevir		antagonist
streptomycin		inhibitor
lansoprazole	ATP4A	inhibitor
sulfanilamide		inhibitor
escitalopram	SLC6A4	inhibitor
sulindac	PTGS2	inhibitor
dosulepin	HTR1A	antagonist
cefotetan		
atriplex confertifolia pollen		
poliovirus type 1 antigen (formaldehyde inactivated)		
inosine pranobex		
etacrynic acid	ATP1A1	inhibitor
gemtuzumab ozogamicin	CD33	antibody
arsthinol		
haematonectria haematococca		
ferric subsulfate		
formoterol	ADRB2	agonist
silver		
estradiol cypionate	ESR1	agonist
oryctolagus cuniculus hair		
ketamine	GRIN3A	antagonist
dezocine	OPRM1	agonist
formestane		
neurospora intermedia		
thiotepa		
polysorbate 20		
chlorambucil		
neurospora sitophila		
phosphatidyl serine		
isoflavone		
aclidinium	CHRM1	antagonist
azatadine	HRH1	antagonist
lipoic acid		
l-tryptophan		
tetracoccosporium paxianum		
black widow spider antivenin (equine)		
glyburide	ABCC8	blocker
human papillomavirus type 31 l1 capsid protein antigen		
ulmus parvifolia pollen		
antihemophilic factor human	F9	activator
fluorouracil	TYMS	other/unknown
lapyrium		
aluminum sulfate		
somatrem	GHR	agonist
diphenhydramine	HRH1	antagonist
trospium		
buspirone	HTR1A	partial agonist
corifollitropin alfa	FSHR	agonist
gallium nitrate	RRM2	inhibitor
cefditoren		inhibitor
thiosulfuric acid		
potassium citrate		
carya cordiformis pollen		
quercus garryana pollen		
thyme		
rivastigmine	ACHE	inhibitor
nabumetone	PTGS2	inhibitor
ziconotide		
human papillomavirus type 58 l1 capsid protein antigen		
black walnut		
oxcarbazepine	SCN5A	inhibitor
leek		
streptococcus pneumoniae type 3 capsular polysaccharide diphtheria crm197 protein conjugate antigen		
hydroxocobalamin	MTR	cofactor
cystine		
drotrecogin alfa	F8	multitarget
quinine		antagonist
aldesleukin	IL2RB	agonist
almond		
verteporfin		
niraparib	PARP1	antagonist
technetium tc-99m medronate		
collagenase clostridium histolyticum		
choline c-11		
pentafluoropropane		
oxazepam	GABRA1	potentiator
nevirapine		
methylcobalamin		
eptotermin alfa		
ibuprofen	PTGS2	inhibitor
viper antivenom		
indium in-111 pentetreotide		
nandrolone phenpropionate	AR	agonist
voacamine		
phenindamine	HRH1	antagonist
demexiptiline		
aluminum zirconium trichlorohydrex gly		
aluminum zirconium octachlorohydrex gly		antagonist
benzodiazepine		
alizapride	DRD2	antagonist
ocrelizumab	MS4A1	antagonist
valdecoxib	PTGS2	inhibitor
aluminum chlorohydrex propylene glycol		
propylthiouracil	TPO	inhibitor
antipyrine		
testosterone undecanoate	AR	agonist
picrate		
ammonium lactate		
methamphetamine	SLC6A3	negative modulator
wheat		
tropicamide	CHRM4	antagonist
triticum aestivum pollen		
pipecuronium	CHRNA2	antagonist
puccinia graminis		
polidocanol		
mifepristone	PGR	antagonist
horseradish		
botulinum toxin type b	VAMP2	binder
botulinum toxin type a	SNAP25	inhibitor
syagrus romanzoffiana pollen		
temoporfin		
piperaquine		
artemisia vulgaris root		
bivalirudin	F2	inhibitor
parachlorophenol		
alpha-1-proteinase inhibitor	ELANE	inhibitor
imipenem		inhibitor
ferric cation		
alcaftadine		
l-valine		
ketoprofen		
posaconazole		
iobenguane sulfate i-123		
magnesium sulfate		
pistachio		
dyphylline	PDE4B	inhibitor
american chestnut		
methysergide	HTR2B	antagonist
callistemon citrinus pollen		
tiaprofenic acid	PTGS2	inhibitor
almitrine	ATP1A1	binder
sodium bisulfite		
artemisia frigida pollen		
erythropoietin	EPOR	agonist
doxapram	KCNK3	inhibitor
drospirenone	PGR	agonist
deferasirox		chelator
cyclophosphamide		cross-linking/alkylation
spectinomycin		inhibitor
aminophenazone		
populus tremuloides pollen		
colesevelam		binder
nitrofural		inhibitor
nitric oxide	GUCY1A2	inducer
common carp		
trichophyton mentagrophytes		
prazosin	ADRA1A	antagonist
sincalide		
humicola grisea		
passiflora incarnata flower		
adenosine	ADORA2A	agonist
oxyquinoline		
beractant		
zolpidem	GABRA1	potentiator
peppermint oil		
piroxicam	PTGS2	inhibitor
aceclofenac		
plecanatide	GUCY1A2	agonist
dasatinib	ABL1	multitarget
phosphoric acid		
bisoprolol	ADRB1	antagonist
naldemedine		
droxidopa	ADRA1A	agonist
hard fat		
cromoglicic acid	KCNMA1	inhibitor
methscopolamine		
acalabrutinib	BTK	inhibitor
epicoccum nigrum		
tetryzoline	ADRA1A	agonist
florbetapir (18f)	APP	binder
quercus macrocarpa pollen		
fosfomycin		inhibitor
diazolidinylurea		
theobromine		
nadolol	ADRB1	antagonist
aluminum chloride		
artemisia tridentata pollen		
hydroxyamphetamine		
doxorubicin		intercalation
lixisenatide	GLP1R	agonist
phylloquinone	GGCX	inducer
hydrochlorothiazide	SLC12A3	inhibitor
trichophyton rubrum		
loxapine	DRD2	antagonist
equine botulinum neurotoxin f immune fab2		antibody
ataluren		
neostigmine	ACHE	inhibitor
haloperidol	DRD2	antagonist
quercus agrifolia pollen		
theophylline	ADORA1	antagonist
tocofersolan		
cycrimine	CHRM1	antagonist
l-arginine		
pertuzumab	ERBB2	antibody
inulin		
medicago sativa pollen		
melatonin	MTNR1A	agonist
cloxacillin		inhibitor
lanolin		coating agent
grain mill dust		
human papillomavirus type 16 l1 capsid protein residues 2-471 antigen		
hydralazine	AOC3	inhibitor
mannitol busulfan		
nelarabine		incorporation into and destabilization
brotizolam		
empagliflozin		
mebendazole	TUBA1A	inhibitor
ramelteon	MTNR1A	multitarget
phenol		
atropine	CHRM1	antagonist
oseltamivir		inhibitor
rupatadine		
bordetella pertussis pertactin antigen		
protokylol	ADRB2	agonist
neisseria meningitidis serogroup b recombinant lp2086 a05 protein variant antigen		
foreskin keratinocyte (neonatal)	FGF1	agonist
burosumab	CNR1	antagonist
polysorbate 80		
pear		
fenpropidin		
acetylcysteine	GSS	stimulator
ulipristal	PGR	modulator
tetracycline		inhibitor
meningococcal polysaccharide vaccine group w-135		
cariprazine	DRD3	agonist
oxacillin		inhibitor
reposal		
nafcillin		
interferon gamma-1b	IFNGR1	binder
dichlorobenzyl alcohol	SCN1A	antagonist
lutein		
bexarotene	RXRA	agonist
idarucizumab		antibody
trolamine polypeptide oleate condensate		
lumiracoxib	PTGS2	inhibitor
amfecloral		
calcium citrate		
romidepsin		
moroctocog alfa	F10	activator
dexmethylphenidate	SLC6A3	inhibitor
salicylic acid	PTGS1	inhibitor
alimemazine	HRH1	antagonist
ergonovine		
sweet potato		
omalizumab	FCER1A	
oxybutynin	CHRM3	antagonist
cefmenoxime		inhibitor
l-glutamine		
carvedilol	ADRB1	antagonist
oxitriptan		
sequoia sempervirens pollen		
ferrous bisglycinate		
nitroglycerin	NPR1	agonist
oxycodone	OPRM1	agonist
nitrofurantoin		potentiator
lauric acid		
bromus inermis pollen		
edoxaban	F10	inhibitor
ibrutinib	BTK	inhibitor
niacin	HCAR3	agonist
corticorelin ovine triflutate	CRHR1	ligand
febuxostat	XDH	inhibitor
elaeagnus angustifolia pollen		
pinus virginiana pollen		
potassium iodide		
pembrolizumab	PDCD1	antagonist
darbepoetin alfa	EPOR	agonist
bosutinib	BCR	inhibitor
tiludronic acid		inhibitor
pethidine	OPRK1	
8-chlorotheophylline	ADORA2A	antagonist
shark liver oil		
linaclotide	GUCY2C	agonist
metyrapone	CYP11B1	inhibitor
aceprometazine	HRH1	antagonist
lacidipine		
terconazole		antagonist
pseudoephedrine	SLC6A2	inhibitor
bromodiphenhydramine	HRH1	antagonist
black olive		
mangafodipir		
mitiglinide	ABCC8	inhibitor
pegaptanib		
oxtriphylline	PDE3A	inhibitor
pentolinium	CHRNA10	antagonist
autologous cultured chondrocytes		
sulfacetamide		inhibitor
meriones unguiculatus skin		
trichothecium roseum		
streptococcus pneumoniae type 19a capsular polysaccharide diphtheria crm197 protein conjugate antigen		
terazosin	ADRA1A	antagonist
progesterone	PGR	agonist
clozapine	DRD2	antagonist
ivacaftor	CFTR	potentiator
nicotinamide		
prochlorperazine	DRD2	antagonist
dehydrocholic acid		
mebeverine		
polyvinyl alcohol		
flupentixol	DRD2	antagonist
follitropin	FSHR	agonist
panobinostat		
dimetacrine	ACHE	antagonist
pyrantel		
quinacrine		intercalation
sevoflurane	GABRA1	agonist
nivolumab	PDCD1	antibody
insulin lispro	INSR	agonist
reslizumab	IL5	antagonist
larix occidentalis pollen		
cidofovir		inhibitor
glutethimide		
trichlormethiazide	SLC12A3	inhibitor
l-leucine		
tinidazole		binder
d-alpha-tocopherol acetate		
glecaprevir		
caffeine	ADORA1	antagonist
brilliant green cation		
aluminum zirconium pentachlorohydrate		
ferrous cysteine glycinate		
atriplex canescens pollen		
quinapril	ACE	inhibitor
strontium chloride		
ethyl macadamiate		
hypromellose		
dimethicone 410		
agave sisalana fiber		
hyaluronic acid	CD44	
equine botulinum neurotoxin a immune fab2		antibody
sulconazole		
tioguanine		intercalation
taurolidine		
propyl alcohol		
amobarbital	GABRA1	potentiator
hypochlorite		
dill		
fospropofol	GABRB2	potentiator
clorazepate	GABRA1	positive allosteric modulator
amphiachyris dracunculoides pollen		
urokinase	PLG	activator
ferric sulfate		
cyproheptadine	HRH1	antagonist
methantheline	HRH2	antagonist
temazepam	GABRA1	potentiator
indium in-111 oxyquinoline		
drometrizole trisiloxane		
cochliobolus lunatus		
streptococcus pneumoniae type 14 capsular polysaccharide diphtheria crm197 protein conjugate antigen		
trimetrexate	DHFR	inhibitor
protocatechualdehyde		
hemin		
boric acid		
phendimetrazine	ADRA1A	agonist
yellow fever vaccine		
sacubitril	MME	antagonist
foreskin fibroblast (neonatal)		
agomelatine	HTR2C	antagonist
potassium chloride		
vasopressin	AVPR2	agonist
telmisartan	AGTR1	antagonist
vestronidase alfa		
mepiprazole		
canis lupus familiaris hair		
benzthiazide	SLC12A3	inhibitor
herring		
triprolidine	HRH1	antagonist
spirapril	ACE	inhibitor
amino acids		
trichophyton schoenleinii		
atezolizumab	CD274	antibody
gemifloxacin		inhibitor
aloe polysaccharide		chelator
sertindole	DRD2	antagonist
bordetella pertussis toxoid antigen (formaldehyde, glutaraldehyde inactivated)		
dutasteride	SRD5A2	inhibitor
fondaparinux	SERPINC1	potentiator
ketorolac	PTGS2	inhibitor
metformin	PRKAB1	inducer
artemotil		
sodium iodide		
obinutuzumab	MS4A1	antibody
carteolol	ADRB2	antagonist
molybdenum		
nicergoline	ADRA1A	antagonist
alpha-linolenic acid	FADS1	ligand
benzathine benzylpenicillin		
gemeprost		
safinamide	MAOB	antagonist
oxymorphone	OPRM1	agonist
axicabtagene ciloleucel	CD19	antibody
khuskia oryzae		
oxytocin	OXTR	agonist
fluprednidene		
piperazine	GABRB3	agonist
calfactant		
ceftazidime		
ranolazine	SCN5A	inhibitor
epirizole		
estazolam	GABRA1	potentiator
syncephalastrum racemosum		
iodide		
xylitol		
capsicum oleoresin	TRPV1	agonist
permethrin		
ceforanide		inhibitor
pazopanib	FLT1	inhibitor
cefpodoxime		inhibitor
methylene blue	GUCY1A2	antagonist
decitabine	DNMT1	inhibitor
tianeptine		
ailanthus altissima pollen		
ethynodiol diacetate	PGR	agonist
ciclopirox	ATP1A1	binder
mirtazapine	HTR2A	antagonist
formic acid		
equus caballus dander		
eucalyptol		
conestat alfa	C1R	inhibitor
interferon alfa-2a, recombinant	IFNAR1	
methotrimeprazine	DRD2	antagonist
p-nitrobiphenyl		
ganirelix	GNRHR	antagonist
ornithine		
midostaurin	PRKCA	antagonist
cimetidine	HRH2	antagonist
thonzonium	ATP6V1C1	inhibitor
streptococcus pneumoniae type 23f capsular polysaccharide diphtheria crm197 protein conjugate antigen		
beef		
curcumin		
rye		
anagrelide	PDE3A	inhibitor
quinestrol	ESR1	agonist
nitrous oxide		
sus scrofa hair		
procaine merethoxylline		
tragacanth		
fluvastatin	HMGCR	inhibitor
exemestane	CYP19A1	inhibitor
phleum pratense pollen		
sulfamethizole		inhibitor
streptococcus pneumoniae type 9v capsular polysaccharide diphtheria crm197 protein conjugate antigen		
roflumilast		
prazepam	GABRA1	potentiator
salix lucida ssp. lasiandra pollen		
maprotiline	SLC6A2	inhibitor
atracurium		
certolizumab pegol	TNF	neutralizer
sennosides		
equine botulinum neurotoxin c immune fab2		antibody
pinus echinata pollen		
potassium nitrate		
methoxy polyethylene glycol-epoetin beta	EPOR	stimulator
tofacitinib	JAK1	inhibitor
morphine	OPRM1	agonist
altretamine		other/unknown
peg-100 stearate		
xanthan gum		
antihemophilic factor (recombinant), pegylated		
dihydro-alpha-ergocryptine	DRD2	agonist
clobetasol propionate	NR3C1	agonist
methadone	OPRM1	agonist
unoprostone		
delafloxacin		
eptifibatide	ITGB3	
insulin glulisine	INSR	agonist
egg		
chrysonilia sitophila		
aspergillus flavus		
copper		
inosine		
sertraline	SLC6A4	inhibitor
fingolimod		
aviptadil		
tramadol	OPRM1	agonist
glycyrrhizic acid	HSD11B1	antagonist
tolperisone		
kinetin		
cyclopentolate	CHRM1	antagonist
levamisole	CHRNA3	agonist
meclocycline		
lisinopril	ACE	inhibitor
cauliflower		
vespula maculifrons venom protein		
atractylodes japonica root		
tocilizumab	IL6R	antibody
penicillium roqueforti		
selenium		
iomeprol		
yohimbine	ADRA2A	antagonist
nystatin		binder
aprindine	SCN5A	inhibitor
panthenol		
sufentanil	OPRM1	agonist
rhus glabra pollen		
amitriptyline	SLC6A2	inhibitor
amodiaquine		adduct
romiplostim	MPL	agonist
niclosamide		
magnesium carbonate		
fenoterol	ADRB2	agonist
fosnetupitant		
enflurane	GABRA1	positive allosteric modulator
armodafinil		
digoxin immune fab (ovine)		other/unknown
penicillium chrysogenum var. chrysogenum		
varicella zoster vaccine (live/attenuated)		
magnesium chloride		
histidine		
manidipine	CACNA1C	blocker
umeclidinium		
coagulation factor viia recombinant human		
moxidectin		
tromethamine		
carya tomentosa pollen		
ioflupane i-123		
rice bran oil		
cobimetinib	MAP2K1	inhibitor
urea c-14		substrate
juglans nigra pollen		
mung bean		
alclometasone	NR3C1	agonist
nicotine	CHRNA4	agonist
technetium tc-99m oxidronate		
amikacin		inhibitor
carbon dioxide		
vapreotide	SSTR2	inducer
acamprosate	GABRA1	positive modulator
technetium tc-99m tilmanocept	MRC1	ligand
chlorobutanol		
ginkgo biloba		
hymenoclea salsola pollen		
butylscopolamine	CHRM3	antagonist
potassium gluconate		
salix nigra bark		
hycanthone	ABCB1	inhibitor
digitoxin	ATP1A1	inhibitor
mefenamic acid	PTGS2	inhibitor
ospemifene	ESR1	antagonist
gadoteridol		
laropiprant		
schinus molle pollen		
milnacipran	SLC6A4	inhibitor
fomivirsen		antisense oligonucleotide
florbetaben (18f)		
bicalutamide	AR	antagonist
eszopiclone	GABRA1	potentiator
lolium perenne subsp. multiflorum pollen		
tamarix gallica pollen		
benznidazole		
stemphylium sarciniforme		
etanercept	TNF	antibody
dipotassium phosphate		
chymopapain	PRG2	degradation
olaparib	PARP1	inhibitor
piperacillin		
epidermophyton floccosum		
heroin	OPRM1	agonist
clomocycline		inhibitor
pinus thunbergii pollen		
iron saccharate	HBA1	component of
poppy seed		
alitretinoin	RARA	agonist
doripenem		
dexamethasone	NR3C1	agonist
galactose		
zucapsaicin	TRPV1	agonist
baccharis halimifolia pollen		
ceftibuten		
octinoxate		
macadamia nut		
cinalukast	CYSLTR1	antagonist
crisaborole		
magnesium acetate		
gentian violet		intercalation
ammonia n-13		
ibandronate	FDPS	inhibitor
fusarium oxysporum vasinfectum		
danaparoid	SERPINC1	positive allosteric modulator
folic acid		
bupropion	SLC6A3	inhibitor
english walnut		
chloroprocaine	SCN10A	inhibitor
eftrenonacog alfa		
dabrafenib		
tetracosactide	MC2R	antagonist
deutetrabenazine	SLC18A2	inhibitor
iron isomaltoside 1000		
sunitinib	PDGFRB	inhibitor
thymol		
etoricoxib	PTGS2	inhibitor
propranolol	ADRB1	antagonist
alogliptin	DPP4	inhibitor
rabeprazole	ATP4A	inhibitor
ciprofloxacin		inhibitor
pimecrolimus	MTOR	potentiator
betula lenta whole		
ixazomib		
clobetasol		
trichophyton tonsurans		
sulfadiazine		inhibitor
levothyroxine	THRA	agonist
banana		
enfuvirtide		
aspergillus fumigatus		
tapentadol		
neisseria meningitidis serogroup b recombinant lp2086 b01 protein variant antigen		
pramipexole	DRD3	agonist
d-glucose		
amifostine	ALPG	inducer
glutamic acid		
glycerin	PPARD	agonist
azelaic acid		inhibitor
cocoa butter		
salbutamol	ADRB2	agonist
pinus ponderosa pollen		
regorafenib	FLT1	inhibitor
methyltestosterone		
lapatinib	EGFR	antagonist
lynestrenol		
carbamide peroxide		
tinzaparin	SERPINC1	potentiator
protamine sulfate		
penicillium glaucum		
castor oil	PTGER3	agonist
phenyl aminosalicylate		
podofilox	TOP2A	inhibitor
levomenol		
haddock		
streptococcus pneumoniae type 2 capsular polysaccharide antigen		
azithromycin		inhibitor
boscalid		
strontium chloride sr-89		
melopsittacus undulatus feather		
fenspiride		
betula populifolia pollen		
ergoloid mesylate	DRD1	antagonist
nesiritide		
fluoride ion		
technetium tc-99m disofenin		
phenindione	VKORC1	inhibitor
danthron		
iopromide		
emedastine	HRH1	antagonist
ethotoin	SCN5A	inhibitor
nisoldipine	CACNA1C	inhibitor
rilpivirine		
ezogabine		
zileuton	ALOX5	inhibitor
chromic chloride	INSR	activator
juniperus osteosperma pollen		
lisdexamfetamine	SLC6A3	inhibitor
lymecycline		
antilymphocyte immunoglobulin (horse)		
rumex altissimus pollen		
cyclizine	HRH1	antagonist
tolmetin	PTGS2	inhibitor
trolamine salicylate	PTGS1	inhibitor
natalizumab	ITGA4	antibody
vespula vulgaris venom protein		
telotristat ethyl	TPH2	antagonist
naproxen	PTGS1	inhibitor
coffee bean		
paecilomyces variotii		
normethadone		
tretinoin	RXRB	agonist
carbidopa	DDC	inhibitor
camphor	TRPV1	agonist
clobazam		
ingenol mebutate		
picea pungens pollen		
trypsin		
tolbutamide	ABCC8	inhibitor
ouabain	ATP1A1	inhibitor
trichophyton verrucosum		
simethicone		
selenious acid		
oritavancin		
thyroglobulin		
streptococcus pneumoniae type 22f capsular polysaccharide antigen		
sporisorium cruentum		
tetanus immune globulin		antibody
lenalidomide	CRBN	inhibitor
danazol	ESR1	agonist
tacrolimus	FKBP1A	inhibitor
adefovir dipivoxil		other
cefonicid		inhibitor
isoflurophate	ACHE	inhibitor
betula nigra pollen		
dabigatran etexilate	F2	inhibitor
meticillin		inhibitor
sulesomab		
indomethacin		
synthetic camphor		
clofazimine		inhibitor
acer negundo pollen		
eplerenone	NR3C2	antagonist
repaglinide	ABCC8	inhibitor
sipuleucel-t		
pyridoxal phosphate		
human rho(d) immune globulin	CD274	antibody
fursultiamine		
quercus nigra pollen		
quercus dumosa pollen		
verticillium albo-atrum		
magnesium oxide		
cupric chloride		
quinagolide		
benzylpenicilloyl polylysine	FCER1G	agonist
cefamandole		
etidronic acid		inhibitor
rhodotorula rubra		
microascus brevicaulis		
dexbrompheniramine	HRH1	antagonist
vardenafil	PDE5A	inhibitor
barium sulfate		
ambrosia dumosa pollen		
tubocurarine	CHRNA2	antagonist
bismuth subcitrate		
brimonidine	ADRA2A	agonist
voretigene neparvovec	RPE65	gene replacement
ceftriaxone		inhibitor
candida tropicalis		
neon		
sulfoxone		inhibitor
cochliobolus sativus		
ox bile extract		
fusarium graminearum		
oxymetazoline	ADRA1A	agonist
acetarsol		
poloxamer 188		
phenylpropanolamine		
poa compressa pollen		
pleospora betae		
tegafur		
cianidanol		
natamycin		binder
zanamivir		inhibitor
idursulfase		
eperisone		
sodium carbonate		
stachybotrys chartarum		
icatibant	BDKRB2	antagonist
fencamfamine	SLC6A3	inhibitor
carprofen	PTGS2	inhibitor
pinus resinosa pollen		
etonogestrel	PGR	agonist
citicoline		
populus alba pollen		
minoxidil	KCNJ1	inducer
streptokinase	PLG	activator
benzonatate		
cangrelor	P2RY12	inhibitor
coagulation factor ix (recombinant)	F10	activator
alfacalcidol		
bos taurus hair		
propolis wax		
sulisobenzone		protector
ticlopidine	P2RY12	antagonist
mangifera indica pollen		
penicillium expansum		
crizotinib		
abiraterone	CYP17A1	inhibitor
streptococcus pneumoniae type 19f capsular polysaccharide antigen		
gadopentetate dimeglumine		
quercus stellata pollen		
nomegestrol		
sodium hydroxide		
ambrosia trifida pollen		
poloxamer 407		
taliglucerase alfa		
green bell pepper		
cilostazol	PDE3A	inhibitor
ketotifen	HRH1	antagonist
phentolamine	ADRA2A	antagonist
creatine	CKM	ligand
fidaxomicin		
insulin human	INSR	agonist
articaine		
ramosetron		
fagus grandifolia pollen		
streptococcus pneumoniae type 11a capsular polysaccharide antigen		
clarithromycin		inhibitor
robinia pseudoacacia pollen		
nafamostat	F2	inhibitor
dl-dimyristoylphosphatidylcholine		
dulaglutide	GLP1R	agonist
terpin hydrate		
ipratropium	CHRM1	antagonist
ixabepilone	TUBB3	inhibitor
lenvatinib	FLT1	inhibitor
methyclothiazide	SLC12A1	inhibitor
methohexital	GABRA1	antagonist
onion		
atriplex wrightii pollen		
huperzine-a		
piracetam		
eggplant		
thioproperazine	DRD2	antagonist
idoxuridine		other
ondansetron	HTR3A	antagonist
durvalumab	CD274	binder
histamine	HRH1	agonist
betamethasone	NR3C1	agonist
glucarpidase		metabolizer
thiamylal	GABRA1	agonist
hydrotalcite		
chaetomium globosum		
melilotus officinalis pollen		
acer macrophyllum pollen		
millet seed		
astemizole	HRH1	antagonist
ethyl chloride		
scallop		
streptococcus pneumoniae type 8 capsular polysaccharide antigen		
epirubicin	CHD1	antagonist
imiquimod	TLR7	agonist
rifabutin		inhibitor
black pepper		
influenza b virus b/phuket/3073/2013 antigen (formaldehyde inactivated)		
cefotiam		inducer
platanus hybrida pollen		
cabbage		
hydroflumethiazide	SLC12A1	inhibitor
tiotropium	CHRM3	antagonist
technetium tc-99m sestamibi		
sarocladium strictum		
dichloroacetic acid	PDK1	inhibitor
cladosporium cladosporioides		
metronidazole		binder
interferon alfa-2b, recombinant	IFNAR2	binder
ergosterol		
pipradrol		
mexiletine	SCN5A	inhibitor
artenimol		
moxifloxacin		inhibitor
orlistat	PNLIP	inhibitor
diiodohydroxyquinoline		
framycetin		inhibitor
amylocaine		antagonist
vinblastine	TUBA1A	adduct
dactinomycin		adduct
phosphorus		
chloroxylenol		
amlodipine	CACNA1C	inhibitor
vonicog alfa	F8	stabilization
liraglutide	GLP1R	agonist
lamotrigine	CACNA1E	inhibitor
foscarnet		inhibitor
aripiprazole lauroxil	DRD2	
ioversol		
sulfasalazine	ALOX5	inhibitor
aloglutamol		
enzacamene		
diazoxide	KCNJ11	inducer
juniperus virginiana pollen		
aliskiren	REN	inhibitor
molsidomine		
dioxybenzone		
ferumoxytol		
elotuzumab	SLAMF7	modulator
cycloserine		inhibitor
teriflunomide		
tezacaftor		
hydrocodone	OPRM1	agonist
technetium tc-99m tetrofosmin		
agrostis stolonifera pollen		
promethazine	HRH1	antagonist
hydromorphone	OPRM1	agonist
cefdinir		inhibitor
trilostane	HSD3B1	inhibitor
glutathione disulfide		
isotretinoin		
benzydamine		
lyme disease vaccine (recombinant ospa)	TLR2	other/unknown
rumex obtusifolius pollen		
salix discolor pollen		
bendroflumethiazide	SLC12A3	inhibitor
calcium levulinate		
prothrombin	FGA	cleavage
pidotimod		
pentetreotide		
rubella virus vaccine		
tannic acid		
dimethyl fumarate	KEAP1	binder
chorionic gonadotropin (human)	LHCGR	ligand
baloxavir marboxil		
brinzolamide	CA2	inhibitor
dextrothyroxine	THRA	agonist
amprenavir		inhibitor
budesonide	NR3C1	antagonist
roxithromycin		inhibitor
buckwheat		
moxonidine	ADRA2A	agonist
piritramide		
aminobenzoic acid		
cupressus arizonica pollen		
flurbiprofen		
ganciclovir		inhibitor
amiodarone	KCNH2	inhibitor
cucumber		
plantago lanceolata pollen		
indigotindisulfonic acid		
goserelin	LHCGR	agonist
mitotane	CYP11B1	inducer
memantine	GRIN3A	antagonist
codeine	OPRM1	partial agonist
certoparin		
sulbactam		inhibitor
progabide	GABBR1	agonist
pirenzepine	CHRM1	antagonist
olanzapine	HTR2A	antagonist
cetyl ethylhexanoate		
fludiazepam	GABRA1	potentiator
fluticasone propionate	NR3C1	agonist
tanacetum cinerariifolium flower		
ambrosia psilostachya pollen		
enoximone	PDE3A	inhibitor
azelnidipine		
ethoheptazine		
amorolfine		
sage oil		
colletotrichum coccodes		
triflusal	PTGS1	antagonist
fleroxacin	TOP2A	inhibitor
sapropterin	PAH	cofactor
conjugated estrogens	ESR1	agonist
dorzolamide	CA2	inhibitor
chlormerodrin	SLC12A1	inducer
temocillin		
propyliodone		
picosulfuric acid		
fentanyl	OPRM1	agonist
fosinopril	ACE	inhibitor
taurine		
phenylbutyric acid		
isopropyl alcohol		
voglibose	MGAM	inhibitor
tipiracil	TYMP	inhibitor
melphalan		cross-linking/alkylation
streptococcus pneumoniae type 33f capsular polysaccharide antigen		
nedocromil	CYSLTR1	suppressor
fenproporex		
capecitabine	TYMS	inhibitor
diphenoxylate	OPRM1	agonist
clostridium tetani toxoid antigen (formaldehyde inactivated)		
phenyltoloxamine		inverse agonist
ustilago tritici		
etoposide	TOP2A	inhibitor
bassia hyssopifolia pollen		
latanoprostene bunod	PTGFR	agonist
sorbitol		
apiospora montagnei		
eprazinone		
heptabarbital	GABRA1	potentiator
rizatriptan	HTR1D	agonist
nicorandil	ABCC9	activator
probucol	ABCA1	inhibitor
pirlindole		
ambrosia tenuifolia pollen		
cinnarizine	HRH1	antagonist
tetrabenazine	SLC18A2	inhibitor
pyrithione		
liotrix	THRA	agonist
butenafine	SQLE	inhibitor
ethinyl estradiol	ESR1	agonist
penicillium camemberti		
rabies virus inactivated antigen, a		
mephentermine	ADRA1A	agonist
valproate bismuth		
dihydroergocornine	HTR1A	antagonist
diclofenac	PTGS2	inhibitor
sulfametopyrazine		inhibitor
phalaris minor pollen		
molindone	DRD2	antagonist
paliperidone	HTR2A	antagonist
hexachlorophene		inhibitor
salsalate	PTGS2	inhibitor
nilotinib	ABL1	inhibitor
ethosuximide	CACNA1G	inhibitor
poa pratensis pollen		
rofecoxib	PTGS2	inhibitor
vespula pensylvanica venom protein		
culex pipiens		
inositol		
sugarcane		
raloxifene	ESR1	agonist
bismuth subgallate		
paramethadione	CACNA1I	suppressor
deferoxamine		chelator
isocarboxazid	MAOA	inhibitor
blackberry		
agkistrodon piscivorus antivenin	PLA2G10	antagonist
alglucosidase alfa	M6PR	binder
oleic acid		
fenoprofen	PTGS2	inhibitor
arformoterol	ADRB2	agonist
clofarabine	POLA1	inhibitor
olmutinib	EGFR	inhibitor
anthrax immune globulin human		antibody
nusinersen		
sulodexide	SERPIND1	agonist
cyanocobalamin	MTR	cofactor
podophyllin		
iobitridol		
carob		
cefaclor		inhibitor
stepronin		
acepromazine	DRD2	antagonist
raspberry		
red bell pepper		
haemophilus influenzae type b strain 1482 capsular polysaccharide tetanus toxoid conjugate antigen		
venetoclax	BCL2	inhibitor
everolimus	MTOR	inhibitor
toloxatone		
tesamorelin	GHRHR	binder
bepridil	CACNA1A	inhibitor
zeaxanthin		
selenic acid		
bimatoprost	PTGFR	agonist
carmustine	GSR	inhibitor
1-palmitoyl-2-oleoyl-sn-glycero-3-(phospho-rac-(1-glycerol))		
pamidronate	FDPS	inhibitor
scopolamine	CHRM1	antagonist
mecasermin	IGF1R	agonist
telaprevir		
anisindione	GGCX	inhibitor
simeprevir		
pinus strobus pollen		
sodium zirconium cyclosilicate		
apraclonidine	ADRA2A	agonist
lorpiprazole	HTR2A	antagonist
nortriptyline	SLC6A2	inhibitor
tetrachlorodecaoxide		
colestilan chloride		
nitroxoline	METAP2	inhibitor
melilotus albus pollen		
trimebutine	OPRM1	agonist
sunflower seed		
metreleptin	LEPR	agonist
fusidic acid		inhibitor
adenosine monophosphate		
eugenol		
parsnip		
benzoyl peroxide		
recombinant cholera toxin b subunit		
valganciclovir		adduct
oyster		
chenopodium album pollen		
holcus lanatus pollen		
urochloa mutica pollen		
alcloxa		
lifitegrast	ITGAL	antagonist
cat dander extract		
potassium		
azficel-t		
arbutin		
promazine	DRD2	antagonist
benzyl benzoate		
felbamate	GRIN2B	antagonist
ethchlorvynol	GABRA1	positive allosteric modulator
prilocaine	SCN5A	inhibitor
polistes annularis venom protein		
prasterone		
dl-dimyristoylphosphatidylglycerol		
ofatumumab	MS4A1	inhibitor
loxoprofen	PTGS2	antagonist
casein		
ustilago maydis		
apricot		
clinofibrate		
aranidipine		
peppermint		
magnesium citrate		
ridogrel	TBXA2R	antagonist
alemtuzumab	CD52	antibody
palivizumab		
choline salicylate		
lobster		
lomitapide	MTTP	antagonist
pork collagen		
diphenylpyraline	HRH1	antagonist
docusate		
tolazoline	ADRA1A	antagonist
paroxetine	SLC6A4	inhibitor
ambrosia acanthicarpa pollen		
anthrax vaccine		
adinazolam		
ibutilide	CACNA1C	activator
cephaloridine		
starch, tapioca		
nefazodone	HTR2A	antagonist
vismodegib	SMO	antagonist
cotton		
lemon		
streptococcus pneumoniae type 1 capsular polysaccharide antigen		
dequalinium	XIAP	antagonist
gramicidin d		
levobupivacaine	SCN10A	inhibitor
streptococcus pneumoniae type 18c capsular polysaccharide antigen		
quercus lobata pollen		
avena sativa pollen		
asparaginase escherichia coli		other/unknown
tegafur-uracil		
estradiol acetate	ESR1	agonist
plasma protein fraction (human)		
atlantic cod		
octreotide	SSTR1	
meningococcal group c polysaccharide		
lisuride	DRD2	agonist
levobunolol	ADRB2	antagonist
streptococcus pneumoniae type 9n capsular polysaccharide antigen		
hydrocortamate	NR3C1	agonist
levosalbutamol	ADRB2	agonist
pilocarpine	CHRM3	agonist
coagulation factor vii human	F3	activator
miglitol	MGAM	antagonist
quercus rubra pollen		
glatiramer		
indium in-111 chloride		
lactic acid		
pinus sylvestris pollen		
atlantic salmon		
fludrocortisone	NR3C2	agonist
mirabegron		
sodium acetate		
fructose		
l-threonine		
amphetamine	SLC18A2	inhibitor
streptococcus pneumoniae type 15b capsular polysaccharide antigen		
enasidenib		
ibritumomab tiuxetan	MS4A1	antibody
pepsin		
hexylcaine	SCN5A	inhibitor
sitotroga cerealella		
sorghum bicolor subsp. drummondii pollen		
levodopa	DRD1	agonist
zidovudine		
artemisia californica pollen		
palmitic acid		
iopamidol		
levosimendan	TNNC1	potentiator
red snapper		
house dust		
ixekizumab	IL17A	antibody
testosterone enantate benzilic acid hydrazone		
indapamide		
flucytosine		cross-linking/alkylation
geotrichum candidum		
factor ix complex (human)		
olaratumab	PDGFRA	antagonist
cerivastatin	HMGCR	inhibitor
abciximab	ITGB3	antagonist
saccharomyces cerevisiae		
ammonia		
zotepine	DRD1	antagonist
aminosalicylic acid		
sulfamethoxazole		inhibitor
pine needle oil (pinus mugo)		
peanut		
selegiline	MAOB	inhibitor
esculin		
tocainide	SCN5A	inhibitor
guanfacine	ADRA2A	agonist
tobramycin		inhibitor
gallamine triethiodide	CHRM2	antagonist
ocriplasmin	FN1	cleavage
fluoxetine	SLC6A4	inhibitor
cimicifuga racemosa		
selexipag	PTGIR	agonist
auranofin	PRDX5	inhibitor
chloral hydrate		
phenoxymethylpenicillin		inhibitor
captodiame	HTR2C	antagonist
influenza a virus a/switzerland/9715293/2013 nib-88 (h3n2) antigen (formaldehyde inactivated)		
equine botulinum neurotoxin b immune fab2		antibody
asparagus		
cyclosporine	CAMLG	binder
voriconazole		
parnaparin		
methimazole	TPO	inhibitor
methylprednisone		
quercus velutina pollen		
grepafloxacin		inhibitor
trichloroacetate		
corynebacterium diphtheriae		
cisapride	HTR4	agonist
dinoprostone	PTGER2	agonist
trimethobenzamide		
l-tyrosine		
canis lupus familiaris dander		
ramipril	ACE	inhibitor
candesartan cilexetil	AGTR1	antagonist
perhexiline	CPT1A	inhibitor
alginic acid		
tolcapone	COMT	inhibitor
methyl undecenoyl leucinate		
tildrakizumab	IL12B	antagonist
amphotericin b		binder
cefoxitin		inhibitor
ajmaline		
poliovirus type 2 antigen (formaldehyde inactivated)		
pomalidomide		
sodium aurothiomalate		
dicyclomine	CHRM1	antagonist
cholic acid		
human cord blood hematopoietic progenitor cell		
limaprost		
somatostatin	SSTR1	agonist
alprazolam	GABRA1	positive allosteric modulator
setiptiline		
streptococcus pneumoniae type 5 capsular polysaccharide diphtheria crm197 protein conjugate antigen		
solifenacin	CHRM3	antagonist
polydatin		
rosoxacin		inhibitor
methadyl acetate	OPRM1	agonist
indium in-111 pentetate		
atosiban	OXTR	antagonist
benzoic acid		
calcium gluceptate		
nizatidine	HRH2	antagonist
zopiclone	GABRA1	potentiator
ambrosia artemisiifolia pollen		
perazine		
ulmus pumila pollen		
st. john's wort		
droperidol	DRD2	antagonist
calcium glycerophosphate		
telithromycin		inhibitor
abacavir		inhibitor
aminophylline	PDE3A	inhibitor
meropenem		inhibitor
idarubicin		intercalation
thyrotropin alfa	TSHR	agonist
sodium phosphate		
hesperetin	SOAT1	inhibitor
deserpidine	SLC18A2	inhibitor
tyloxapol	LPL	inhibitor
magnesium trisilicate		
pretomanid		
sulpiride	DRD2	antagonist
apple		
antrafenine		
thiocolchicoside	GABRA1	antagonist
distichlis spicata pollen		
gluconic acid		
zaltoprofen		
norethynodrel		
thiamine	TPK1	ligand
microcrystalline cellulose		
monoctanoin		
gliquidone	ABCC8	inhibitor
cyproterone acetate	AR	antagonist
exenatide	GLP1R	agonist
emicizumab	F9	cofactor
trimipramine	SLC6A4	inhibitor
menthyl salicylate		
crotamiton		
cenegermin		
gadofosveset trisodium		
oteracil		
bisoctrizole		
carboxin		
mestranol	ESR1	agonist
enprofylline	PDE4A	inhibitor
crab		
helminthosporium solani		
hepatitis b vaccine (recombinant)		
fish oil	DGAT2	agonist
nimodipine	CACNA1C	inhibitor
quahog, unspecified		
chloroquine		antagonist
demeclocycline		inhibitor
olopatadine	HRH1	antagonist
propiverine	CHRM1	antagonist
torasemide	SLC12A1	inhibitor
entacapone	COMT	inhibitor
tangerine		
sodium bicarbonate		
lovastatin	HMGCR	inhibitor
parathyroid hormone		
acetyl sulfisoxazole		inhibitor
laronidase		other/unknown
efinaconazole		inhibitor
rabbit		
egg white		
paricalcitol	VDR	agonist
isoflurane	GABRA1	agonist
opium	OPRD1	agonist
ticagrelor		
xenon-133		
streptococcus pneumoniae type 19f capsular polysaccharide diphtheria crm197 protein conjugate antigen		
estradiol dienanthate	ESR1	agonist
fraxinus pennsylvanica pollen		
pramlintide	CALCR	agonist
tamibarotene	RARA	agonist
nabiximols	CNR1	
asfotase alfa	S1PR1	agonist
procyclidine	CHRM1	antagonist
insulin beef		
perampanel	GRIA1	antagonist
clodronic acid	SLC25A4	inhibitor
bazedoxifene	ESR1	antagonist
dapagliflozin	SLC5A2	antagonist
mannitol		
clofedanol	HRH1	antagonist
amoxapine		
ambrosia chamissonis pollen		
dioctyldimonium		
hypomyces perniciosus		
testosterone enanthate	AR	agonist
roxatidine acetate	HRH2	antagonist
berberine		
chlormezanone	TSPO	agonist
carrot		
fluoride ion f-18		
shrimp		
imiglucerase		other/unknown
zinc picolinate		
lamb		
ubiquinol		
echothiophate	BCHE	inhibitor
pipobroman		cross-linking/alkylation
rhubarb		
arbutamine	ADRB1	agonist
ifenprodil	GRIN1	antagonist
chymotrypsin		
digoxin	ATP1A1	
thyroid, porcine		
ketoconazole		
coagulation factor ix human	F10	activator
eupatorium capillifolium pollen		
phoma glomerata		
milrinone	PDE3A	inhibitor
efavirenz		
estrone	ESR1	agonist
benzethonium		
iopodic acid	DIO3	antagonist
tiagabine	SLC6A1	inhibitor
olea europaea pollen		
coral snake (micrurus fulvius) immune globulin antivenin (equine)		
macitentan		
pranlukast	CYSLTR1	antagonist
phleum pratense top		
tomato		
chlorphenesin		
cytisine		
liquidambar styraciflua pollen		
trichoderma viride		
lindane	GABRB1	antagonist
manganese		
aminocaproic acid	PLG	inhibitor
sorafenib		
etofylline nicotinate		
choline c 11		
methdilazine	HRH1	antagonist
methyl nicotinate		
safflower		
cyamemazine		
rimonabant	CNR1	antagonist
streptococcus pneumoniae type 6a capsular polysaccharide diphtheria crm197 protein conjugate antigen		
treprostinil	PTGIR	agonist
vitamin c		
vitamin a		
perospirone	HTR2A	inverse agonist
artichoke		
vitamin e		
guanidine		
sucralfate		inhibitor
bouteloua gracilis pollen		
vespula germanica venom protein		
glycolic acid		
ranibizumab	VEGFA	
juglans regia pollen		
streptococcus pneumoniae type 9v capsular polysaccharide antigen		
ambrosia bidentata pollen		
salmon calcitonin		
eprosartan	AGTR1	antagonist
light green sf yellowish		
nonacog beta pegol	F7	cofactor
diloxanide		
cefminox		
fraxinus velutina pollen		
coccidioides immitis spherule		
nadh		
curcuma aromatica root oil		
cefpiramide		inhibitor
cabazitaxel		
swordfish		
pyrazinamide		inhibitor
hydrogen peroxide		
lutropin alfa	LHCGR	agonist
efonidipine		
dalteparin	SERPINC1	potentiator
dolutegravir		
paromomycin		inhibitor
soybean oil	PPARA	activator
talimogene laherparepvec		
pantethine		
dextromethorphan	SIGMAR1	agonist
mitomycin		antagonist
flunitrazepam	TSPO	agonist
ripasudil		
enalaprilat	ACE	inhibitor
phensuximide		
phenazopyridine	SCN1A	inhibitor
aedes taeniorhynchus		
naloxone	OPRM1	antagonist
medical air		
valaciclovir		inducer
dermatophagoides farinae		
ceruletide	CCKAR	inducer
rumex crispus top		
abemaciclib		
chromium cr-51		
technetium tc-99m pertechnetate		
ebastine		
tolnaftate		inhibitor
flunarizine	CACNA1G	inhibitor
lentil		
largemouth bass		
chenopodium botrys pollen		
pirbuterol	ADRB2	agonist
artesunate		inhibitor
dimethicone		
triazolam	GABRA1	potentiator
protirelin	TRHR	ligand
viomycin		
pinus contorta pollen		
benzphetamine	SLC18A2	inducer
sparfloxacin	TOP2A	inhibitor
degarelix	GNRHR	antagonist
procaterol	ADRB2	agonist
guselkumab	IL23A	blocker
delorazepam		
cladribine	RRM1	inhibitor
populus nigra pollen		
ribociclib	CDK4	antagonist
anistreplase	PLG	activator
brexpiprazole		
human rabies virus immune globulin		antibody
nelfinavir		inhibitor
josamycin		inhibitor
bromhexine		
boceprevir		
methenamine		
beclomethasone dipropionate	NR3C1	agonist
eltrombopag		
bupranolol	ADRB1	antagonist
alternaria alternata		
stiripentol		
mycocladus corymbiferus		
carbetocin	OXTR	agonist
norgestrel	PGR	binder
belladonna		
marimastat	MMP1	inhibitor
hepatitis b immune globulin		
magnesium salicylate	PTGS2	inhibitor
vandetanib		
azlocillin		inhibitor
ethanolamine oleate		
brompheniramine	HRH1	antagonist
paraldehyde		
naratriptan	HTR1D	agonist
benzatropine	CHRM1	antagonist
travoprost	PTGFR	agonist
dobutamine	ADRB1	agonist
keyhole limpet hemocyanin		
testosterone cypionate	AR	agonist
temozolomide		cross-linking/alkylation
acenocoumarol	VKORC1	inhibitor
interferon alfa-n3	IFNAR1	agonist
meclizine	HRH1	antagonist
interferon alfa-n1	IFNAR2	agonist
cisatracurium	CHRNA2	antagonist
pentagastrin	CCKBR	agonist
diethylpropion	SLC6A2	inhibitor
huperzine a		
potassium hydroxide		
scorpion (centruroides) immune fab2 antivenin (equine)		
clevidipine		
fomepizole	ADH1A	inhibitor
mimosine	SHMT1	inhibitor
bemiparin	F10	antagonist
cysteamine		
fluclorolone acetonide		
sugammadex		
becaplermin	PDGFRB	
bleomycin		cleavage
brentuximab vedotin	TNFRSF8	binder
tetrofosmin		
tranilast		
interferon beta-1a	IFNAR1	agonist
interferon beta-1b	IFNAR1	agonist
northern pike		
dimetotiazine		
barnidipine	CACNA1C	antagonist
phenylacetic acid		
besilesomab		
fosamprenavir		inhibitor
helianthus annuus pollen		
anthoxanthum odoratum pollen		
tilia americana pollen		
diethylamino hydroxybenzoyl hexyl benzoate		
dexmedetomidine	ADRA2A	agonist
secukinumab	IL17A	antagonist
proparacaine	SCN10A	inhibitor
tiopronin		
moxisylyte		
trimethaphan	CHRNA10	antagonist
fluocinolone acetonide	NR3C1	agonist
mepivacaine	SCN10A	inhibitor
isosorbide mononitrate	GUCY1A2	inducer
meclofenamic acid	PTGS1	inhibitor
pinus banksiana pollen		
sulfamethazine		inhibitor
streptozocin		cross-linking/alkylation
lanreotide		
influenza a virus a/bolivia/559/2013 (h1n1) live (attenuated) antigen		
malathion	BCHE	inhibitor
tauroursodeoxycholic acid		
urtica dioica pollen		
tenofovir disoproxil		inhibitor
dexfenfluramine	SLC6A4	inhibitor
clove oil		
ubidecarenone	NDUFV3	cofactor
diazepam	GABRA1	potentiator
clove		
racepinephrine	ADRA1A	agonist
phloxine b		
benperidol		
agrostis gigantea pollen		
iron dextran	HBB	activator
dexpanthenol		
rimantadine		other/unknown
homosalate		
proguanil	DHFR	inhibitor
magnesium acetate tetrahydrate		
reteplase	PLG	activator
lobeglitazone		
atazanavir		inhibitor
serine		
human papillomavirus type 11 l1 capsid protein antigen		
perboric acid		
lornoxicam	PTGS1	inhibitor
etodolac	PTGS2	inhibitor
prednisone	NR3C1	agonist
equine botulinum neurotoxin g immune fab2		antibody
gestodene		
pineapple		
bilastine	HRH1	antagonist
tripelennamine	HRH1	antagonist
lidocaine	SCN10A	inhibitor
acarbose	MGAM	inhibitor
mequitazine	HRH1	antagonist
nabilone	CNR2	partial agonist
propafenone	SCN5A	inhibitor
felis catus hair		
bentoquatam		
plazomicin		
desvenlafaxine		
omega-3-acid ethyl esters		
monobenzone		
levonorgestrel	PGR	binder
eletriptan	HTR1D	agonist
brivaracetam	SV2A	unknown
silodrate		
cetuximab	EGFR	antagonist
carya ovata pollen		
crotalus atrox antivenin		
daunorubicin		intercalation
saquinavir		inhibitor
trametinib		
enzalutamide		
aprotinin		
gadolinium		
secretin porcine		
tiapride	DRD2	blocker
chicken		
tolterodine	CHRM3	antagonist
dienestrol	ESR1	agonist
chloroxine		
hexobarbital	GABRA1	potentiator
calcium chloride		
aminohippuric acid		
safflower oil		
atracurium besylate	CHRNA2	antagonist
hops		
cholestyramine		binder
festuca pratensis pollen		
oxilofrine		
crotalus scutulatus antivenin		
sulfapyridine		
pemirolast		
oxyphencyclimine	CHRM3	antagonist
fluorometholone	NR3C1	agonist
white catfish		
menadione	GGCX	cofactor
lenograstim	CSF3R	agonist
eurotium herbariorum		
ritodrine	ADRB2	agonist
clobetasone	NR3C1	agonist
trovafloxacin		inhibitor
ensulizole		
musca domestica		
sacrosidase		
clopidogrel	P2RY12	antagonist
physostigmine	ACHE	inhibitor
gemcitabine		cross-linking/alkylation
defibrotide		
pheniramine	HRH1	antagonist
dydrogesterone	PGR	agonist
fluphenazine	DRD2	antagonist
ethyl loflazepate		
protein c		
arabica coffee bean		
aluminum zirconium pentachlorohydrex gly		
fluticasone furoate		
dexibuprofen	PTGS2	inhibitor
raxibacumab		antibody
alprostadil	PTGER2	agonist
edaravone		
spaglumic acid		
imidafenacin	CHRM1	antagonist
nordazepam		
insulin aspart	INSR	agonist
ribostamycin		
titanium dioxide		
kanamycin		inhibitor
novobiocin		inhibitor
gabapentin	CACNA2D1	inhibitor
calcium saccharate		
goat milk		
calcium lactate		
nitrogen		
sarilumab		
methylprednisolone	NR3C1	agonist
cresol		
mucor plumbeus		
o-(2,4-dichlorophenyl)-o-methyl-isopropylphosphoramidothioate		
iobenguane		
salsola kali pollen		
amsacrine		intercalation
cetylpyridinium		
omacetaxine mepesuccinate		antagonist
guanabenz	ADRA2A	agonist
alendronic acid	FDPS	inhibitor
apis mellifera venom		
honeydew melon		
strawberry		
clomifene	ESR1	antagonist
levocabastine	HRH1	antagonist
morniflumate		
mebutamate		
canagliflozin		
doxepin	HRH1	antagonist
fluconazole		
nimesulide	PTGS2	inhibitor
sulfamoxole		inhibitor
aspartame		
human papillomavirus type 18 l1 capsid protein antigen		
chili pepper		
raltegravir		
alefacept	CD2	inhibitor
mersalyl		
varicella zoster vaccine (recombinant)		
methylergometrine	DRD1	antagonist
conivaptan	AVPR1A	antagonist
riamet		
carbinoxamine	HRH1	antagonist
tetradecyl hydrogen sulfate (ester)	PROCR	antagonist
populus fremontii pollen		
diacerein		
juniperus pinchotii pollen		
donepezil	ACHE	inhibitor
avobenzone		
topotecan	TOP1	inhibitor
doxercalciferol		
neisseria meningitidis group a capsular polysaccharide diphtheria toxoid conjugate antigen		
iodoform		
pegademase bovine		metabolizer
influenza a virus a/california/7/2009 x-179a (h1n1) antigen (formaldehyde inactivated)		
interferon alfacon-1	IFNAR1	binder
mepyramine		
timolol	ADRB1	antagonist
betazole	HRH2	agonist
tilarginine		
flumethasone	NR3C1	agonist
propantheline	CHRM1	antagonist
acrivastine	HRH1	antagonist
doxycycline		inhibitor
nicardipine	CACNA1C	inhibitor
fluprednisolone		
tixocortol	NR3C1	binder
oregano		
rosiglitazone	PPARG	agonist
chromium		
white pepper		
diethylcarbamazine	ALOX5	inhibitor
gabapentin enacarbil		
mazindol	SLC6A2	inhibitor
trandolapril	ACE	inhibitor
exametazime		
naltrexone	OPRD1	antagonist
dihydrotachysterol	VDR	agonist
meningococcal polysaccharide vaccine group y		
hydroxypropyl cellulose		
zonisamide	SCN1A	inhibitor
bepotastine	HRH1	antagonist
triflupromazine	DRD1	antagonist
colestipol		binder
mumps virus strain b level jeryl lynn live antigen		
rescinnamine	ACE	inhibitor
levetiracetam	SV2A	agonist
cefixime		inhibitor
pefloxacin		inhibitor
valrubicin		intercalation
furazolidone		cross-linking/alkylation
tisagenlecleucel	CD19	antibody
tolvaptan	AVPR2	antagonist
orange		
buclizine	HRH1	antagonist
starch, corn		
linagliptin	DPP4	inhibitor
indinavir		inhibitor
yttrium y-90		
regadenoson	ADORA2A	agonist
methyl cellulose		
black-eyed pea		
iocetamic acid		
dirithromycin		inhibitor
kava		
spermine	SMS	ligand
vanilla		
almotriptan		
telavancin		
ropinirole	DRD3	agonist
lepirudin	F2	inhibitor
krascheninnikovia lanata pollen		
aspergillus terreus		
fluspirilene	DRD2	antagonist
ergotamine	HTR1D	agonist
cocamidopropyl betaine		
apalutamide	AR	antagonist
brazil nut		
chloramphenicol		
alpha-tocopherol acetate		
enoxacin		inhibitor
nilutamide	AR	antagonist
rhodotorula mucilaginosa		
cevimeline	CHRM3	agonist
mivacurium	CHRNA2	antagonist
calcium phosphate		
artemisia vulgaris pollen		
clioquinol		
amiloxate		
bethanechol	CHRM2	agonist
trichloroethylene		
sirolimus	MTOR	inhibitor
lolium perenne pollen		
mycophenolate mofetil	IMPDH1	inhibitor
trolamine		
lamivudine		inhibitor
rubidium rb-82		
docosanol		intercalation
lactobacillus plantarum		
perflutren		
disopyramide	SCN5A	inhibitor
vindesine	TUBB1	inhibitor
capra hircus hair		
dimethyl sulfoxide		
galantamine	ACHE	inhibitor
hydroxyzine	HRH1	antagonist
ertapenem		inhibitor
juniperus monosperma pollen		
levamlodipine		
teduglutide	GLP2R	agonist
kaolin		
minocycline		inhibitor
calcium acetate		binder
broccoli		
pholcodine	OPRM1	antagonist
celiprolol	ADRB1	antagonist
light mineral oil		
clocapramine		
flunisolide	NR3C1	agonist
moexipril	ACE	inhibitor
butethal	GABRA1	potentiator
alvimopan	OPRM1	antagonist
hydroquinone	TYR	inhibitor
nintedanib	FLT1	inhibitor
canrenoic acid		
temsirolimus	MTOR	inhibitor
fluocinonide	NR3C1	agonist
debrisoquin	SLC6A2	inducer
glycine		
benserazide	DDC	inhibitor
zafirlukast	CYSLTR1	antagonist
tavaborole		inhibitor
octocrylene		
benzylpenicillin		
loperamide	OPRM1	agonist
ampicillin		inhibitor
delamanid		
ciclesonide	NR3C1	agonist
somatotropin	GHR	binder
streptococcus pneumoniae type 20 capsular polysaccharide antigen		
phoenix dactylifera pollen		
homatropine methylbromide	CHRM2	antagonist
cabozantinib		
alprenolol	ADRB1	antagonist
finasteride	SRD5A2	inhibitor
carbopol 974p		
raphanus sativus		
diphemanil methylsulfate	CHRM3	antagonist
gonadorelin	GNRHR	agonist
dimercaprol		chelator
polymyxin b sulfate		incorporation into and destabilization
homatropine		
prednisolone	NR3C1	agonist
choline magnesium trisalicylate		
trihexyphenidyl	CHRM1	antagonist
activated charcoal		
flavone		
zolmitriptan	HTR1B	agonist
osimertinib	EGFR	inhibitor
tocopherol		binder
flibanserin	HTR1A	agonist
vidarabine		inhibitor
cavia porcellus skin		
isosorbide dinitrate	NPR1	agonist
orris		
cocarboxylase		
thrombin alfa	F11	activator
pacific halibut		
dinutuximab		inhibitor
deslanoside	ATP1A1	inhibitor
maxacalcitol		
teicoplanin		inhibitor
rucaparib	PARP1	antagonist
phoma exigua var. exigua		
paclitaxel	TUBB1	inhibitor
cilnidipine		
iva annua pollen		
prednicarbate	NR3C1	agonist
nitrous acid	HBA1	oxidizer
insulin pork	INSR	binder
cerliponase alfa		
hydrocortisone	NR3C1	agonist
pentoxifylline	PDE4B	inhibitor
kappadione		
zalcitabine		
cabergoline	DRD2	agonist
imatinib	CACNA1I	inhibitor
acebutolol	ADRB1	partial agonist
thioridazine	DRD2	antagonist
tafamidis	TTR	chaperone
anthoxanthum odoratum		
letermovir		
propofol	GABRB2	potentiator
hydroxyethyl cellulose		
northern bluefin tuna		
morus alba pollen		
human cytomegalovirus immune globulin		
leymus condensatus pollen		
zinc sulfate		
estradiol	ESR1	agonist
itraconazole	CYP51A1	inhibitor
pimavanserin	HTR2A	inverse agonist
pirfenidone		
trout		
acetylcarnitine		
human thrombin	F5	activator
gimeracil		
nalorphine		
opicapone		
dienogest		
plerixafor	CXCR4	antagonist
influenza a virus a/california/7/2009(h1n1)-like antigen (formaldehyde inactivated)		
hexoprenaline		
nedaplatin		
catumaxomab		
chlortetracycline		inhibitor
cetalkonium		
testosterone	AR	agonist
olmesartan	AGTR1	antagonist
isoxaflutole		
neuropeptide y		
pyrimethamine	DHFR	inhibitor
ipilimumab	CTLA4	
human c1-esterase inhibitor	C1R	inhibitor
gliclazide	ABCC8	binder
chlordiazepoxide		
pyridostigmine	ACHE	antagonist
ambrosia ambrosioides pollen		
alnus rhombifolia pollen		
human papillomavirus type 45 l1 capsid protein antigen		
duloxetine	SLC6A4	inhibitor
benzophenone		
rocuronium	CHRNA2	antagonist
thiothixene		
cefepime		
cyclobenzaprine	HTR2A	antagonist
cocoa		
propylhexedrine	SLC18A2	
plicamycin		antagonist
rumex crispus pollen		
dexketoprofen		
aprepitant	TACR1	antagonist
arrhenatherum elatius pollen		
acetazolamide	CA1	inhibitor
flutamide	AR	antagonist
deoxycholic acid		
desoxyribonuclease		
thimerosal		
solenopsis invicta		
bopindolol	ADRB1	partial agonist
rifaximin		inhibitor
bicisate		
synthetic conjugated estrogens, b	ESR1	ligand
dextroamphetamine	SLC18A2	inducer
synthetic conjugated estrogens, a		
terfenadine	HRH1	antagonist
pectin		
ustilago avenae		
alverine	HTR1A	antagonist
cupric sulfate		
valerian		
desirudin		
triamterene	SCNN1G	inhibitor
lurasidone		
metaraminol	ADRA1A	agonist
bupivacaine	SCN10A	inhibitor
macimorelin		
goose		
halofantrine	KCNH2	inhibitor
polycarbophil		
beta-propiolactone		adduct
glucagon recombinant	GCGR	agonist
phenylbutazone	PTGS2	inhibitor
mustard greens		
morus rubra pollen		
aspergillus niger var. niger		
ferrous asparto glycinate		
famciclovir		inhibitor
mycophenolic acid	IMPDH1	inhibitor
mifamurtide	TLR4	ligand
bacillus calmette-guerin substrain tice live antigen		
parthenolide		
pleospora herbarum		
epinastine	HRH1	antagonist
cytarabine	POLB	inhibitor
insulin degludec	INSR	ligand
amrinone	PDE3A	inhibitor
ligustrum vulgare pollen		
penicillamine		
bromus secalinus pollen		
bromopride	DRD2	antagonist
tadalafil	PDE5A	inhibitor
velpatasvir		
thioredoxin		
cefotaxime		inhibitor
tilia cordata pollen		
cashew		
gluconolactone		
cetyl alcohol		
cefadroxil		inhibitor
oat		
trimetazidine	ACAA1	inhibitor
allergenic extract- beef liver		
ziprasidone	DRD2	antagonist
simvastatin	HMGCR	inhibitor
streptococcus pneumoniae type 23f capsular polysaccharide antigen		
aluminum zirconium tetrachlorohydrex gly		
polihexanide		
inotuzumab ozogamicin		
celery		
orciprenaline	ADRB2	agonist
pyrvinium		
populus balsamifera subsp. trichocarpa pollen		
ditazole		
dihydrocodeine		
betula lenta pollen		
abaloparatide	PTH1R	ligand
tamsulosin	ADRA1A	antagonist
aztreonam		potentiator
hyaluronidase (human recombinant)		
lactose		
cobicistat		
avanafil	PDE5A	inhibitor
dendryphiella vinosa		
calcipotriol		
gallus gallus feather		
riboflavin	RFK	ligand
atovaquone		inhibitor
salmon, unspecified		
dimetindene	HRH1	antagonist
tyrothricin		
guaiacol		
caprylic acid		
atriplex lentiformis pollen		
